﻿<?xml version="1.0"?>
<doc>
<assembly>
<name>
3DNUS Devkit
</name>
</assembly>
<members>
<member name="T:_3DNUS_Devkit.My.Resources.Resources">
<summary>
  A strongly-typed resource class, for looking up localized strings, etc.
</summary>
</member>
<member name="P:_3DNUS_Devkit.My.Resources.Resources.ResourceManager">
<summary>
  Returns the cached ResourceManager instance used by this class.
</summary>
</member>
<member name="P:_3DNUS_Devkit.My.Resources.Resources.Culture">
<summary>
  Overrides the current thread's CurrentUICulture property for all
  resource lookups using this strongly typed resource class.
</summary>
</member>
<member name="P:_3DNUS_Devkit.My.Resources.Resources._1455079399_settings_24">
<summary>
  Looks up a localized resource of type System.Drawing.Bitmap.
</summary>
</member>
<member name="P:_3DNUS_Devkit.My.Resources.Resources._1456023042_ic_keyboard_return_48px">
<summary>
  Looks up a localized resource of type System.Drawing.Bitmap.
</summary>
</member>
<member name="P:_3DNUS_Devkit.My.Resources.Resources._4334804">
<summary>
  Looks up a localized resource of type System.Drawing.Bitmap.
</summary>
</member>
<member name="P:_3DNUS_Devkit.My.Resources.Resources.application_x_bzip_compressed_tar">
<summary>
  Looks up a localized resource of type System.Drawing.Bitmap.
</summary>
</member>
<member name="P:_3DNUS_Devkit.My.Resources.Resources.application_xml">
<summary>
  Looks up a localized resource of type System.Drawing.Bitmap.
</summary>
</member>
<member name="P:_3DNUS_Devkit.My.Resources.Resources.arrow_undo">
<summary>
  Looks up a localized resource of type System.Drawing.Bitmap.
</summary>
</member>
<member name="P:_3DNUS_Devkit.My.Resources.Resources.DevKit_bck">
<summary>
  Looks up a localized resource of type System.Drawing.Bitmap.
</summary>
</member>
<member name="P:_3DNUS_Devkit.My.Resources.Resources.door_out">
<summary>
  Looks up a localized resource of type System.Drawing.Bitmap.
</summary>
</member>
<member name="P:_3DNUS_Devkit.My.Resources.Resources.ext_mng_logo">
<summary>
  Looks up a localized resource of type System.Drawing.Bitmap.
</summary>
</member>
<member name="P:_3DNUS_Devkit.My.Resources.Resources.service_manager">
<summary>
  Looks up a localized resource of type System.Drawing.Bitmap.
</summary>
</member>
</members>
</doc>
