﻿<?xml version="1.0"?>
<doc>
<assembly>
<name>
3DNUS.Easy_Setup
</name>
</assembly>
<members>
<member name="T:_3DNUS.Easy_Setup.My.Resources.Resources">
<summary>
  A strongly-typed resource class, for looking up localized strings, etc.
</summary>
</member>
<member name="P:_3DNUS.Easy_Setup.My.Resources.Resources.ResourceManager">
<summary>
  Returns the cached ResourceManager instance used by this class.
</summary>
</member>
<member name="P:_3DNUS.Easy_Setup.My.Resources.Resources.Culture">
<summary>
  Overrides the current thread's CurrentUICulture property for all
  resource lookups using this strongly typed resource class.
</summary>
</member>
<member name="P:_3DNUS.Easy_Setup.My.Resources.Resources.Ionic_Zip">
<summary>
  Looks up a localized resource of type System.Byte[].
</summary>
</member>
</members>
</doc>
