TitleID,Region,Title versions,Update versions
0004001000021000,USA,v1027 v2062 v3078 v4098 v5128 v6157 v7174 v8203 v9221,2.0.0-2 Initial scan 3.0.0-5 4.0.0-7 5.0.0-11 6.0.0-11 7.0.0-13 7.2.0-17 9.0.0-20 9.6.0-24
0004001000021100,USA,v0 v1026 v2051 v3073,2.0.0-2 Initial scan 2.1.0-4 4.0.0-7 9.0.0-20
0004001000021200,USA,v1026 v2054 v2064,2.0.0-2 Initial scan 3.0.0-5 7.0.0-13
0004001000021300,USA,v0 v1026 v2051,2.0.0-2 Initial scan 4.0.0-7 6.1.0-12U
0004001000021400,USA,v0 v16 v1039 v2048 v3074 v3088 v4097,2.0.0-2 Initial scan 2.1.0-4 3.0.0-5 4.0.0-7 6.1.0-12U 7.0.0-13 9.0.0-20
0004001000021500,USA,v0 v1027 v2049 v3072 v3088,2.0.0-2 Initial scan 2.1.0-4 3.0.0-5 4.0.0-7 7.0.0-13
0004001000021700,USA,v1026 v2055,2.0.0-2 Initial scan 7.0.0-13
0004001000021800,USA,v1027 v2048 v3087 v4096 v5124 v5136,2.0.0-2 Initial scan 2.1.0-4 3.0.0-5 3.0.0-6 6.1.0-12U 7.0.0-13
0004001000021900,USA,v4 v1026 v2058 v3081 v4096 v5123 v6146 v7170 v8206 v9231 v10246 v11265 v12288 v13321 v15366 v16384 v17422 v18432 v19465 v20482 v21506,2.0.0-2 Initial scan 2.1.0-3 3.0.0-5 4.0.0-7 4.1.0-8 4.2.0-9 4.3.0-10 5.0.0-11 7.0.0-13 7.1.0-14 7.2.0-17 8.0.0-18 8.1.0-19 9.0.0-20 9.3.0-21 (stage3) 9.5.0-22 USA 9.6.0-24 9.7.0-25 10.0.0-27 10.4.0-29 10.7.0-32
0004001000021A00,USA,v4 v1035 v2051 v3073 v4109 v5131 v6156,2.0.0-2 Initial scan 3.0.0-5 4.0.0-7 5.0.0-11 7.0.0-13 9.0.0-20 9.6.0-24
0004001000021B00,USA,v0 v1034,2.0.0-2 Initial scan 3.0.0-5
0004001000021D00,USA,v0 v1028 v1040,2.0.0-2 Initial scan 2.1.0-4 7.0.0-13
0004001000021E00,USA,v0 v1027 v1040,2.0.0-2 Initial scan 2.1.0-4 7.0.0-13
0004001000021F00,USA,v0 v1024 v2049,2.0.0-2 Initial scan 3.0.0-5 6.0.0-11
0004001000024000,USA,v2048,2.0.0-2 Initial scan
0004001B00010002,CHN,v0,4.0.0-7
0004001B00010002,USA,v0,2.0.0-2 Initial scan
0004001B00010002,JPN,v0,2.0.0-2 Initial scan
0004001B00010002,KOR,v0,4.0.0-7
0004001B00010002,EUR,v0,2.0.0-2 Initial scan
0004001B00010002,TWN,v0,4.1.0-8
0004003000008A02,CHN,v4096 v5121 v6144 v7168,4.0.0-7 5.0.0-11 8.0.0-18 9.0.0-20 (stage2)
0004003000008A02,USA,v1025 v3072 v4096 v5121 v6144 v7168,2.0.0-2 Initial scan 3.0.0-5 4.0.0-7 5.0.0-11 8.0.0-18 9.0.0-20
0004003000008A02,JPN,v1025 v3072 v4096 v5121 v6144 v7168,2.0.0-2 Initial scan 3.0.0-5 4.0.0-7 5.0.0-11 8.0.0-18 9.0.0-20
0004003000008A02,KOR,v4096 v5121 v6144 v7168,4.0.0-7 5.0.0-11 8.0.0-18 9.0.0-20
0004003000008A02,EUR,v1025 v3072 v4096 v5121 v6144 v7168,2.0.0-2 Initial scan 3.0.0-5 4.0.0-7 5.0.0-11 8.0.0-18 9.0.0-20 (stage3)
0004003000008A02,TWN,v4096 v5121 v6144 v7168,4.1.0-8 5.0.0-11 8.0.0-18 9.0.0-20 (stage4)
0004003000008A03,USA,v0,2.0.0-2 Initial scan
0004003000008A03,JPN,v0,2.0.0-2 Initial scan
0004003000008A03,EUR,v0,2.0.0-2 Initial scan
0004003000008F02,USA,v1027 v2049 v4111 v5131 v6146 v7172 v8198 v9230 v11272 v13330 v15360 v16404 v17415 v19456 v20480 v21504 v22528 v23552 v24578 v25600,2.0.0-2 Initial scan 2.1.0-3 3.0.0-5 4.0.0-7 4.2.0-9 5.0.0-11 6.0.0-11 7.0.0-13 9.0.0-20 9.3.0-21 (stage3) 9.5.0-22 USA 9.6.0-24 9.7.0-25 9.8.0-25 9.9.0-26 10.1.0-27 10.2.0-28 10.3.0-28 10.4.0-29 10.6.0-31
0004003000009002,USA,v0 v1036 v2049,2.0.0-2 Initial scan 3.0.0-5 9.0.0-20
0004003000009202,USA,v1026 v2048 v3072 v4097 v5120,2.0.0-2 Initial scan 3.0.0-5 4.0.0-7 5.0.0-11 9.0.0-20
0004003000009302,USA,v1026 v2049 v3073 v4096,2.0.0-2 Initial scan 4.0.0-7 5.0.0-11 9.0.0-20
0004003000009402,USA,v6 v1024 v2050 v3075 v3088 v4096 v5121 v6149 v7168 v8192 v9232,2.0.0-2 Initial scan 2.1.0-4 4.0.0-7 5.0.0-11 7.0.0-13 7.1.0-16 9.5.0-23 9.9.0-26 10.2.0-28 10.6.0-31 10.7.0-32
0004003000009602,USA,v1026 v3082 v4099 v5120 v6144,2.0.0-2 Initial scan 3.0.0-5 4.0.0-7 7.0.0-13 9.0.0-20
0004003000009702,USA,v1029 v2054 v3075 v4097,2.0.0-2 Initial scan 3.0.0-5 4.0.0-7 9.0.0-20
000400300000C502,USA,v1026 v2053 v3074 v5128 v6145,2.0.0-2 Initial scan 3.0.0-5 4.0.0-7 9.0.0-20 9.6.0-24
000400300000C502,JPN,v1026 v2053 v3074 v5128 v6145,2.0.0-2 Initial scan 3.0.0-5 4.0.0-7 9.0.0-20 9.6.0-24
000400300000C502,EUR,v1026 v2053 v3074 v5128 v6145,2.0.0-2 Initial scan 3.0.0-5 4.0.0-7 9.0.0-20 (stage3) 9.6.0-24
000400300000C503,USA,v0,2.0.0-2 Initial scan
000400300000C503,JPN,v0,2.0.0-2 Initial scan
000400300000C503,EUR,v0,2.0.0-2 Initial scan
000400300000C802,USA,v1026 v2053 v3072 v4096,2.0.0-2 Initial scan 3.0.0-5 7.0.0-13 9.0.0-20
000400300000C803,USA,v0,2.0.0-2 Initial scan
000400300000C902,USA,v0 v1026 v2048 v3077,2.0.0-2 Initial scan 3.0.0-5 9.0.0-20 9.3.0-21 (stage3)
000400300000CB02,USA,v0 v1024 v3075 v4096,2.0.0-2 Initial scan 3.0.0-5 9.0.0-20 9.3.0-21 (stage3)
000400300000CC02,USA,v3 v1026 v2048,2.0.0-2 Initial scan 8.0.0-18 9.0.0-20
0004009B00010202,CHN,v0,4.0.0-7
0004009B00010202,USA,v0,2.0.0-2 Initial scan
0004009B00010202,JPN,v0,2.0.0-2 Initial scan
0004009B00010202,KOR,v0,4.0.0-7
0004009B00010202,EUR,v0,2.0.0-2 Initial scan
0004009B00010202,TWN,v0,4.1.0-8
0004009B00010402,CHN,v3072 v4098 v5122,4.0.0-7 7.0.0-13 9.6.0-24
0004009B00010402,USA,v1024 v2050 v3072 v4098 v5122,2.0.0-2 Initial scan 3.0.0-5 4.0.0-7 7.0.0-13 9.6.0-24
0004009B00010402,JPN,v1024 v2050 v3072 v4098 v5122,2.0.0-2 Initial scan 3.0.0-5 4.0.0-7 7.0.0-13 9.6.0-24
0004009B00010402,KOR,v3072 v4098 v5122,4.0.0-7 7.0.0-13 9.6.0-24
0004009B00010402,EUR,v1024 v2050 v3072 v4098 v5122,2.0.0-2 Initial scan 3.0.0-5 4.0.0-7 7.0.0-13 9.6.0-24
0004009B00010402,TWN,v3072 v4098 v5122,4.1.0-8 7.0.0-13 9.6.0-24
0004009B00010602,CHN,v2 v1024,4.0.0-7 10.5.0-30
0004009B00010602,USA,v2 v1024,2.0.0-2 Initial scan 10.5.0-30
0004009B00010602,JPN,v2 v1024,2.0.0-2 Initial scan 10.5.0-30
0004009B00010602,KOR,v2 v1024,4.0.0-7 10.5.0-30
0004009B00010602,EUR,v2 v1024,2.0.0-2 Initial scan 10.5.0-30
0004009B00010602,TWN,v2 v1024,4.1.0-8 10.5.0-30
0004009B00011402,USA,v0,2.0.0-2 Initial scan
0004009B00011602,USA,v0,2.0.0-2 Initial scan
0004009B00011D02,USA,v0,2.0.0-2 Initial scan
0004009B00011D02,EUR,v0,2.0.0-2 Initial scan
0004009B00011E02,USA,v0,2.0.0-2 Initial scan
0004009B00012302,USA,v1026 v2053 v3073 v4096 v5120 v6149 v7168 v8192 v9218 v10242 v11269 v12289 v13313,2.0.0-2 Initial scan 3.0.0-5 4.0.0-7 4.2.0-9 5.0.0-11 7.0.0-13 7.2.0-17 8.0.0-18 9.0.0-20 9.3.0-21 (stage3) 9.6.0-24 10.0.0-27 10.4.0-29
0004009B00013302,USA,v1024 v2051 v3074 v4099 v5123,2.0.0-2 Initial scan 3.0.0-5 7.0.0-13 9.0.0-20 10.0.0-27
0004009B00014002,CHN,v0,4.0.0-7
0004009B00014002,USA,v0,2.0.0-2 Initial scan
0004009B00014002,JPN,v0,2.0.0-2 Initial scan
0004009B00014002,KOR,v0,4.0.0-7
0004009B00014002,EUR,v0,2.0.0-2 Initial scan
0004009B00014002,TWN,v0,4.1.0-8
0004009B00014102,CHN,v1024,4.0.0-7
0004009B00014102,USA,v0 v1024,2.0.0-2 Initial scan 4.0.0-7
0004009B00014102,JPN,v0 v1024,2.0.0-2 Initial scan 4.0.0-7
0004009B00014102,KOR,v1024,4.0.0-7
0004009B00014102,EUR,v0 v1024,2.0.0-2 Initial scan 4.0.0-7
0004009B00014102,TWN,v1024,4.1.0-8
0004009B00014202,CHN,v1024,4.0.0-7
0004009B00014202,USA,v0 v1024,2.0.0-2 Initial scan 4.0.0-7
0004009B00014202,JPN,v0 v1024,2.0.0-2 Initial scan 4.0.0-7
0004009B00014202,KOR,v1024,4.0.0-7
0004009B00014202,EUR,v0 v1024,2.0.0-2 Initial scan 4.0.0-7
0004009B00014202,TWN,v1024,4.1.0-8
0004009B00014302,CHN,v1024,4.0.0-7
0004009B00014302,USA,v0 v1024,2.0.0-2 Initial scan 4.0.0-7
0004009B00014302,JPN,v0 v1024,2.0.0-2 Initial scan 4.0.0-7
0004009B00014302,KOR,v1024,4.0.0-7
0004009B00014302,EUR,v0 v1024,2.0.0-2 Initial scan 4.0.0-7
0004009B00014302,TWN,v1024,4.1.0-8
0004009B00015302,USA,v0,2.0.0-2 Initial scan
000400DB00010302,CHN,v3072 v4096 v5120 v6144 v7168 v8192,4.0.0-7 4.3.0-10 5.0.0-11 9.0.0-20 (stage2) 9.3.0-21 (stage4) 9.6.0-24
000400DB00010302,USA,v1024 v2052 v3072 v4096 v5120 v6144 v7168 v8192,2.0.0-2 Initial scan 3.0.0-5 4.0.0-7 4.3.0-10 5.0.0-11 9.0.0-20 9.3.0-21 (stage3) 9.6.0-24
000400DB00010302,JPN,v1024 v2052 v3072 v4096 v5120 v6144 v7168 v8192,2.0.0-2 Initial scan 3.0.0-5 4.0.0-7 4.3.0-10 5.0.0-11 9.0.0-20 9.3.0-21 (stage3) 9.6.0-24
000400DB00010302,KOR,v3072 v4096 v5120 v6144 v7168 v8192,4.0.0-7 4.3.0-10 5.0.0-11 9.0.0-20 9.3.0-21 (stage2) 9.6.0-24
000400DB00010302,EUR,v1024 v2052 v3072 v4096 v5120 v6144 v7168 v8192,2.0.0-2 Initial scan 3.0.0-5 4.0.0-7 4.3.0-10 5.0.0-11 9.0.0-20 (stage3) 9.3.0-21 (stage2) 9.6.0-24
000400DB00010302,TWN,v3072 v4096 v5120 v6144 v7168 v8192,4.1.0-8 4.3.0-10 5.0.0-11 9.0.0-20 (stage4) 9.3.0-21 (stage5) 9.6.0-24
000400DB00010502,CHN,v3073 v4096 v5120 v6144 v7169 v8192 v9216 v10242 v11267 v12288 v14336 v15360 v16386 v17409 v18432,4.0.0-7 4.3.0-10 4.4.0-10 4.5.0-10 5.0.0-11 6.0.0-11 6.2.0-12 7.0.0-13 7.2.0-17 8.0.0-18 9.0.0-20 (stage2) 9.3.0-21 (stage4) 9.6.0-24 10.0.0-27 10.4.0-29
000400DB00010502,USA,v1024 v2048 v3073 v4096 v5120 v6144 v7169 v8192 v9216 v10242 v11267 v12288 v14336 v15360 v16386 v17409 v18432,2.0.0-2 Initial scan 3.0.0-5 4.0.0-7 4.3.0-10 4.4.0-10 4.5.0-10 5.0.0-11 6.0.0-11 6.2.0-12 7.0.0-13 7.2.0-17 8.0.0-18 9.0.0-20 9.3.0-21 (stage3) 9.6.0-24 10.0.0-27 10.4.0-29
000400DB00010502,JPN,v1024 v2048 v3073 v4096 v5120 v6144 v7169 v8192 v9216 v10242 v11267 v12288 v14336 v15360 v16386 v17409 v18432,2.0.0-2 Initial scan 3.0.0-5 4.0.0-7 4.3.0-10 4.4.0-10 4.5.0-10 5.0.0-11 6.0.0-11 6.2.0-12 7.0.0-13 7.2.0-17 8.0.0-18 9.0.0-20 9.3.0-21 (stage3) 9.6.0-24 10.0.0-27 10.4.0-29
000400DB00010502,KOR,v3073 v4096 v5120 v6144 v7169 v8192 v9216 v10242 v11267 v12288 v14336 v15360 v16386 v17409 v18432,4.0.0-7 4.3.0-10 4.4.0-10 4.5.0-10 5.0.0-11 6.0.0-11 6.2.0-12 7.0.0-13 7.2.0-17 8.0.0-18 9.0.0-20 9.3.0-21 (stage2) 9.6.0-24 10.0.0-27 10.4.0-29
000400DB00010502,EUR,v1024 v2048 v3073 v4096 v5120 v6144 v7169 v8192 v9216 v10242 v11267 v12288 v14336 v15360 v16386 v17409 v18432,2.0.0-2 Initial scan 3.0.0-5 4.0.0-7 4.3.0-10 4.4.0-10 4.5.0-10 5.0.0-11 6.0.0-11 6.2.0-12E 7.0.0-13 7.2.0-17 8.0.0-18 9.0.0-20 (stage3) 9.3.0-21 (stage2) 9.6.0-24 10.0.0-27 10.4.0-29
000400DB00010502,TWN,v3073 v4096 v5120 v6144 v7169 v8192 v9216 v10242 v11267 v12288 v14336 v15360 v16386 v17409 v18432,4.1.0-8 4.3.0-10 4.4.0-10 4.5.0-10 5.0.0-11 6.0.0-11 6.2.0-12 7.0.0-13 7.2.0-17 8.0.0-18 9.0.0-20 (stage4) 9.3.0-21 (stage5) 9.6.0-24 10.0.0-27 10.4.0-29
000400DB00016302,USA,v32 v48 v64 v80 v96 v112 v128 v144 v160 v176 v192 v208 v224 v240 v256 v272 v288 v304 v320 v336 v352 v368 v384 v400 v416 v432 v448 v464 v480 v496 v512,2.0.0-2 Initial scan 2.1.0-3 2.1.0-4 3.0.0-5 3.0.0-6 4.0.0-7 4.1.0-8 4.2.0-9 4.3.0-10 5.0.0-11 6.1.0-12U 7.0.0-13 7.1.0-14 7.1.0-15 7.1.0-16 7.2.0-17 8.0.0-18 8.1.0-19 9.0.0-20 9.3.0-21 (stage3) 9.5.0-22 USA 9.5.0-23 9.6.0-24 9.7.0-25 9.9.0-26 10.0.0-27 10.2.0-28 10.4.0-29 10.5.0-30 10.6.0-31 10.7.0-32
000400DB00017302,USA,v2049 v2069 v3088 v4098 v4113 v4130 v4145 v4163 v4176 v5120 v5136 v6146 v6160 v6178 v6192 v7175 v7187 v7203 v8196 v8208 v9218 v9264 v9296 v9319 v9328 v9344 v9360 v10240 v10256 v10272 v10288 v10304 v10320 v10336 v10352,2.0.0-2 Initial scan 2.1.0-3 3.0.0-5 4.0.0-7 4.1.0-8 4.2.0-9 4.3.0-10 4.4.0-10 4.5.0-10 5.0.0-11 5.1.0-11 6.0.0-11 6.1.0-11 6.2.0-12 6.3.0-12 7.0.0-13 7.1.0-14 7.2.0-17 8.0.0-18 8.1.0-18 9.0.0-20 9.3.0-21 (stage3) 9.5.0-22 USA 9.6.0-24 9.7.0-25 9.8.0-25 9.9.0-26 10.0.0-27 10.1.0-27 10.2.0-28 10.3.0-28 10.4.0-29 10.5.0-30 10.6.0-31 10.7.0-32
0004013000001502,CHN,v3072 v4098 v5120 v6148 v8192 v9217,4.0.0-7 5.0.0-11 6.0.0-11 8.0.0-18 9.0.0-20 (stage2) 10.0.0-27
0004013000001502,USA,v1026 v2053 v3072 v4098 v5120 v6148 v8192 v9217,2.0.0-2 Initial scan 3.0.0-5 4.0.0-7 5.0.0-11 6.0.0-11 8.0.0-18 9.0.0-20 10.0.0-27
0004013000001502,JPN,v1026 v2053 v3072 v4098 v5120 v6148 v8192 v9217,2.0.0-2 Initial scan 3.0.0-5 4.0.0-7 5.0.0-11 6.0.0-11 8.0.0-18 9.0.0-20 10.0.0-27
0004013000001502,KOR,v3072 v4098 v5120 v6148 v8192 v9217,4.0.0-7 5.0.0-11 6.0.0-11 8.0.0-18 9.0.0-20 10.0.0-27
0004013000001502,EUR,v1026 v2053 v3072 v4098 v5120 v6148 v8192 v9217,2.0.0-2 Initial scan 3.0.0-5 4.0.0-7 5.0.0-11 6.0.0-11 8.0.0-18 9.0.0-20 (stage3) 10.0.0-27
0004013000001502,TWN,v3072 v4098 v5120 v6148 v8192 v9217,4.1.0-8 5.0.0-11 6.0.0-11 8.0.0-18 9.0.0-20 (stage4) 10.0.0-27
0004013000001503,CHN,v0,4.0.0-7
0004013000001503,USA,v0,2.0.0-2 Initial scan
0004013000001503,JPN,v0,2.0.0-2 Initial scan
0004013000001503,KOR,v0,4.0.0-7
0004013000001503,EUR,v0,2.0.0-2 Initial scan
0004013000001503,TWN,v0,4.1.0-8
0004013000001602,CHN,v3074 v4098 v5120 v6146 v7172 v9216 v10242 v11265,4.0.0-7 5.0.0-11 6.0.0-11 7.1.0-14 8.0.0-18 9.0.0-20 (stage2) 9.3.0-21 (stage4) 10.0.0-27
0004013000001602,USA,v1026 v2048 v3074 v4098 v5120 v6146 v7172 v9216 v10242 v11265,2.0.0-2 Initial scan 3.0.0-5 4.0.0-7 5.0.0-11 6.0.0-11 7.1.0-14 8.0.0-18 9.0.0-20 9.3.0-21 (stage3) 10.0.0-27
0004013000001602,JPN,v1026 v2048 v3074 v4098 v5120 v6146 v7172 v9216 v10242 v11265,2.0.0-2 Initial scan 3.0.0-5 4.0.0-7 5.0.0-11 6.0.0-11 7.1.0-14 8.0.0-18 9.0.0-20 9.3.0-21 (stage3) 10.0.0-27
0004013000001602,KOR,v3074 v4098 v5120 v6146 v7172 v9216 v10242 v11265,4.0.0-7 5.0.0-11 6.0.0-11 7.1.0-14 8.0.0-18 9.0.0-20 9.3.0-21 (stage2) 10.0.0-27
0004013000001602,EUR,v1026 v2048 v3074 v4098 v5120 v6146 v7172 v9216 v10242 v11265,2.0.0-2 Initial scan 3.0.0-5 4.0.0-7 5.0.0-11 6.0.0-11 7.1.0-14 8.0.0-18 9.0.0-20 (stage3) 9.3.0-21 (stage2) 10.0.0-27
0004013000001602,TWN,v3074 v4098 v5120 v6146 v7172 v9216 v10242 v11265,4.1.0-8 5.0.0-11 6.0.0-11 7.1.0-14 8.0.0-18 9.0.0-20 (stage4) 9.3.0-21 (stage5) 10.0.0-27
0004013000001702,CHN,v4096 v5122 v6145 v7168 v8196 v9220 v10243 v12290 v13315 v14342,4.0.0-7 5.0.0-11 6.0.0-11 6.1.0-11 7.0.0-13 7.2.0-17 8.0.0-18 9.0.0-20 (stage2) 9.3.0-21 (stage4) 9.6.0-24
0004013000001702,USA,v1024 v2049 v4096 v5122 v6145 v7168 v8196 v9220 v10243 v12290 v13315 v14342,2.0.0-2 Initial scan 3.0.0-5 4.0.0-7 5.0.0-11 6.0.0-11 6.1.0-11 7.0.0-13 7.2.0-17 8.0.0-18 9.0.0-20 9.3.0-21 (stage3) 9.6.0-24
0004013000001702,JPN,v1024 v2049 v4096 v5122 v6145 v7168 v8196 v9220 v10243 v12290 v13315 v14342,2.0.0-2 Initial scan 3.0.0-5 4.0.0-7 5.0.0-11 6.0.0-11 6.1.0-11 7.0.0-13 7.2.0-17 8.0.0-18 9.0.0-20 9.3.0-21 (stage3) 9.6.0-24
0004013000001702,KOR,v4096 v5122 v6145 v7168 v8196 v9220 v10243 v12290 v13315 v14342,4.0.0-7 5.0.0-11 6.0.0-11 6.1.0-11 7.0.0-13 7.2.0-17 8.0.0-18 9.0.0-20 9.3.0-21 (stage2) 9.6.0-24
0004013000001702,EUR,v1024 v2049 v4096 v5122 v6145 v7168 v8196 v9220 v10243 v12290 v13315 v14342,2.0.0-2 Initial scan 3.0.0-5 4.0.0-7 5.0.0-11 6.0.0-11 6.1.0-11 7.0.0-13 7.2.0-17 8.0.0-18 9.0.0-20 (stage3) 9.3.0-21 (stage2) 9.6.0-24
0004013000001702,TWN,v4096 v5122 v6145 v7168 v8196 v9220 v10243 v12290 v13315 v14342,4.1.0-8 5.0.0-11 6.0.0-11 6.1.0-11 7.0.0-13 7.2.0-17 8.0.0-18 9.0.0-20 (stage4) 9.3.0-21 (stage5) 9.6.0-24
0004013000001703,CHN,v0,4.0.0-7
0004013000001703,USA,v0,2.0.0-2 Initial scan
0004013000001703,JPN,v0,2.0.0-2 Initial scan
0004013000001703,KOR,v0,4.0.0-7
0004013000001703,EUR,v0,2.0.0-2 Initial scan
0004013000001703,TWN,v0,4.1.0-8
0004013000001802,CHN,v3072 v4098 v5120 v6144 v7168,4.0.0-7 5.0.0-11 7.0.0-13 8.0.0-18 9.0.0-20 (stage2)
0004013000001802,USA,v1025 v3072 v4098 v5120 v6144 v7168,2.0.0-2 Initial scan 3.0.0-5 5.0.0-11 7.0.0-13 8.0.0-18 9.0.0-20
0004013000001802,JPN,v1025 v3072 v4098 v5120 v6144 v7168,2.0.0-2 Initial scan 3.0.0-5 5.0.0-11 7.0.0-13 8.0.0-18 9.0.0-20
0004013000001802,KOR,v3072 v4098 v5120 v6144 v7168,4.0.0-7 5.0.0-11 7.0.0-13 8.0.0-18 9.0.0-20
0004013000001802,EUR,v1025 v3072 v4098 v5120 v6144 v7168,2.0.0-2 Initial scan 3.0.0-5 5.0.0-11 7.0.0-13 8.0.0-18 9.0.0-20 (stage3)
0004013000001802,TWN,v3072 v4098 v5120 v6144 v7168,4.1.0-8 5.0.0-11 7.0.0-13 8.0.0-18 9.0.0-20 (stage4)
0004013000001803,CHN,v0,4.0.0-7
0004013000001803,USA,v0,2.0.0-2 Initial scan
0004013000001803,JPN,v0,2.0.0-2 Initial scan
0004013000001803,KOR,v0,4.0.0-7
0004013000001803,EUR,v0,2.0.0-2 Initial scan
0004013000001803,TWN,v0,4.1.0-8
0004013000001A02,CHN,v2048 v3074 v4096 v5120 v6145,4.0.0-7 5.0.0-11 6.0.0-11 8.0.0-18 9.7.0-25
0004013000001A02,USA,v0 v1024 v2048 v3074 v4096 v5120 v6145,2.0.0-2 Initial scan 3.0.0-5 4.0.0-7 5.0.0-11 6.0.0-11 8.0.0-18 9.7.0-25
0004013000001A02,JPN,v0 v1024 v2048 v3074 v4096 v5120 v6145,2.0.0-2 Initial scan 3.0.0-5 4.0.0-7 5.0.0-11 6.0.0-11 8.0.0-18 9.7.0-25
0004013000001A02,KOR,v2048 v3074 v4096 v5120 v6145,4.0.0-7 5.0.0-11 6.0.0-11 8.0.0-18 9.7.0-25
0004013000001A02,EUR,v0 v1024 v2048 v3074 v4096 v5120 v6145,2.0.0-2 Initial scan 3.0.0-5 4.0.0-7 5.0.0-11 6.0.0-11 8.0.0-18 9.7.0-25
0004013000001A02,TWN,v2048 v3074 v4096 v5120 v6145,4.1.0-8 5.0.0-11 6.0.0-11 8.0.0-18 9.7.0-25
0004013000001A03,CHN,v0,4.0.0-7
0004013000001A03,USA,v0,2.0.0-2 Initial scan
0004013000001A03,JPN,v0,2.0.0-2 Initial scan
0004013000001A03,KOR,v0,4.0.0-7
0004013000001A03,EUR,v0,2.0.0-2 Initial scan
0004013000001A03,TWN,v0,4.1.0-8
0004013000001B02,CHN,v0 v1025 v2048 v3073,4.0.0-7 5.0.0-11 8.0.0-18 9.5.0-22
0004013000001B02,USA,v0 v1025 v2048 v3073,2.0.0-2 Initial scan 5.0.0-11 8.0.0-18 9.5.0-22 USA
0004013000001B02,JPN,v0 v1025 v2048 v3073,2.0.0-2 Initial scan 5.0.0-11 8.0.0-18 9.5.0-22 JPN
0004013000001B02,KOR,v0 v1025 v2048 v3073,4.0.0-7 5.0.0-11 8.0.0-18 9.5.0-22
0004013000001B02,EUR,v0 v1025 v2048 v3073,2.0.0-2 Initial scan 5.0.0-11 8.0.0-18 9.5.0-22 EUR
0004013000001B02,TWN,v0 v1025 v2048 v3073,4.1.0-8 5.0.0-11 8.0.0-18 9.5.0-22
0004013000001B03,CHN,v0,4.0.0-7
0004013000001B03,USA,v0,2.0.0-2 Initial scan
0004013000001B03,JPN,v0,2.0.0-2 Initial scan
0004013000001B03,KOR,v0,4.0.0-7
0004013000001B03,EUR,v0,2.0.0-2 Initial scan
0004013000001B03,TWN,v0,4.1.0-8
0004013000001C02,CHN,v5120 v6145 v7168 v8196 v10240 v11264 v12294,4.0.0-7 5.0.0-11 6.0.0-11 8.0.0-18 9.0.0-20 (stage2) 9.3.0-21 (stage4) 9.6.0-24
0004013000001C02,USA,v2049 v3075 v5120 v6145 v7168 v8196 v10240 v11264 v12294,2.0.0-2 Initial scan 3.0.0-5 4.0.0-7 5.0.0-11 6.0.0-11 8.0.0-18 9.0.0-20 9.3.0-21 (stage3) 9.6.0-24
0004013000001C02,JPN,v2049 v3075 v5120 v6145 v7168 v8196 v10240 v11264 v12294,2.0.0-2 Initial scan 3.0.0-5 4.0.0-7 5.0.0-11 6.0.0-11 8.0.0-18 9.0.0-20 9.3.0-21 (stage3) 9.6.0-24
0004013000001C02,KOR,v5120 v6145 v7168 v8196 v10240 v11264 v12294,4.0.0-7 5.0.0-11 6.0.0-11 8.0.0-18 9.0.0-20 9.3.0-21 (stage2) 9.6.0-24
0004013000001C02,EUR,v2049 v3075 v5120 v6145 v7168 v8196 v10240 v11264 v12294,2.0.0-2 Initial scan 3.0.0-5 4.0.0-7 5.0.0-11 6.0.0-11 8.0.0-18 9.0.0-20 (stage3) 9.3.0-21 (stage2) 9.6.0-24
0004013000001C02,TWN,v5120 v6145 v7168 v8196 v10240 v11264 v12294,4.1.0-8 5.0.0-11 6.0.0-11 8.0.0-18 9.0.0-20 (stage4) 9.3.0-21 (stage5) 9.6.0-24
0004013000001C03,CHN,v0,4.0.0-7
0004013000001C03,USA,v0,2.0.0-2 Initial scan
0004013000001C03,JPN,v0,2.0.0-2 Initial scan
0004013000001C03,KOR,v0,4.0.0-7
0004013000001C03,EUR,v0,2.0.0-2 Initial scan
0004013000001C03,TWN,v0,4.1.0-8
0004013000001D02,CHN,v4096 v5121 v6148 v7168 v9216 v10240,4.0.0-7 5.0.0-11 7.2.0-17 8.0.0-18 9.0.0-20 (stage2) 9.3.0-21 (stage4)
0004013000001D02,USA,v1025 v3072 v4096 v5121 v6148 v7168 v9216 v10240,2.0.0-2 Initial scan 3.0.0-5 4.0.0-7 5.0.0-11 7.2.0-17 8.0.0-18 9.0.0-20 9.3.0-21 (stage3)
0004013000001D02,JPN,v1025 v3072 v4096 v5121 v6148 v7168 v9216 v10240,2.0.0-2 Initial scan 3.0.0-5 4.0.0-7 5.0.0-11 7.2.0-17 8.0.0-18 9.0.0-20 9.3.0-21 (stage3)
0004013000001D02,KOR,v4096 v5121 v6148 v7168 v9216 v10240,4.0.0-7 5.0.0-11 7.2.0-17 8.0.0-18 9.0.0-20 9.3.0-21 (stage2)
0004013000001D02,EUR,v1025 v3072 v4096 v5121 v6148 v7168 v9216 v10240,2.0.0-2 Initial scan 3.0.0-5 4.0.0-7 5.0.0-11 7.2.0-17 8.0.0-18 9.0.0-20 (stage3) 9.3.0-21 (stage2)
0004013000001D02,TWN,v4096 v5121 v6148 v7168 v9216 v10240,4.1.0-8 5.0.0-11 7.2.0-17 8.0.0-18 9.0.0-20 (stage4) 9.3.0-21 (stage5)
0004013000001D03,CHN,v0,4.0.0-7
0004013000001D03,USA,v0,2.0.0-2 Initial scan
0004013000001D03,JPN,v0,2.0.0-2 Initial scan
0004013000001D03,KOR,v0,4.0.0-7
0004013000001D03,EUR,v0,2.0.0-2 Initial scan
0004013000001D03,TWN,v0,4.1.0-8
0004013000001E02,CHN,v1024 v2049 v3076 v5120,4.0.0-7 5.0.0-11 8.0.0-18 9.3.0-21 (stage4)
0004013000001E02,USA,v0 v1024 v2049 v3076 v5120,2.0.0-2 Initial scan 3.0.0-5 5.0.0-11 8.0.0-18 9.3.0-21 (stage3)
0004013000001E02,JPN,v0 v1024 v2049 v3076 v5120,2.0.0-2 Initial scan 3.0.0-5 5.0.0-11 8.0.0-18 9.3.0-21 (stage3)
0004013000001E02,KOR,v1024 v2049 v3076 v5120,4.0.0-7 5.0.0-11 8.0.0-18 9.3.0-21 (stage2)
0004013000001E02,EUR,v0 v1024 v2049 v3076 v5120,2.0.0-2 Initial scan 3.0.0-5 5.0.0-11 8.0.0-18 9.3.0-21 (stage2)
0004013000001E02,TWN,v1024 v2049 v3076 v5120,4.1.0-8 5.0.0-11 8.0.0-18 9.3.0-21 (stage5)
0004013000001E03,CHN,v0,4.0.0-7
0004013000001E03,USA,v0,2.0.0-2 Initial scan
0004013000001E03,JPN,v0,2.0.0-2 Initial scan
0004013000001E03,KOR,v0,4.0.0-7
0004013000001E03,EUR,v0,2.0.0-2 Initial scan
0004013000001E03,TWN,v0,4.1.0-8
0004013000001F02,CHN,v4102 v5122 v6145 v7168 v8192,4.0.0-7 5.0.0-11 6.0.0-11 7.0.0-13 8.0.0-18
0004013000001F02,USA,v1026 v2048 v3072 v4102 v5122 v6145 v7168 v8192,2.0.0-2 Initial scan 2.1.0-3 3.0.0-5 4.0.0-7 5.0.0-11 6.0.0-11 7.0.0-13 8.0.0-18
0004013000001F02,JPN,v1026 v2048 v3072 v4102 v5122 v6145 v7168 v8192,2.0.0-2 Initial scan 2.1.0-3 3.0.0-5 4.0.0-7 5.0.0-11 6.0.0-11 7.0.0-13 8.0.0-18
0004013000001F02,KOR,v4102 v5122 v6145 v7168 v8192,4.0.0-7 5.0.0-11 6.0.0-11 7.0.0-13 8.0.0-18
0004013000001F02,EUR,v1026 v2048 v3072 v4102 v5122 v6145 v7168 v8192,2.0.0-2 Initial scan 2.1.0-3 3.0.0-5 4.0.0-7 5.0.0-11 6.0.0-11 7.0.0-13 8.0.0-18
0004013000001F02,TWN,v4102 v5122 v6145 v7168 v8192,4.1.0-8 5.0.0-11 6.0.0-11 7.0.0-13 8.0.0-18
0004013000001F03,CHN,v0,4.0.0-7
0004013000001F03,USA,v0,2.0.0-2 Initial scan
0004013000001F03,JPN,v0,2.0.0-2 Initial scan
0004013000001F03,KOR,v0,4.0.0-7
0004013000001F03,EUR,v0,2.0.0-2 Initial scan
0004013000001F03,TWN,v0,4.1.0-8
0004013000002002,CHN,v0 v1025 v2048,4.0.0-7 5.0.0-11 8.0.0-18
0004013000002002,USA,v0 v1025 v2048,2.0.0-2 Initial scan 5.0.0-11 8.0.0-18
0004013000002002,JPN,v0 v1025 v2048,2.0.0-2 Initial scan 5.0.0-11 8.0.0-18
0004013000002002,KOR,v0 v1025 v2048,4.0.0-7 5.0.0-11 8.0.0-18
0004013000002002,EUR,v0 v1025 v2048,2.0.0-2 Initial scan 5.0.0-11 8.0.0-18
0004013000002002,TWN,v0 v1025 v2048,4.1.0-8 5.0.0-11 8.0.0-18
0004013000002102,CHN,v0 v1025 v2048,4.0.0-7 5.0.0-11 8.0.0-18
0004013000002102,USA,v0 v1025 v2048,2.0.0-2 Initial scan 5.0.0-11 8.0.0-18
0004013000002102,JPN,v0 v1025 v2048,2.0.0-2 Initial scan 5.0.0-11 8.0.0-18
0004013000002102,KOR,v0 v1025 v2048,4.0.0-7 5.0.0-11 8.0.0-18
0004013000002102,EUR,v0 v1025 v2048,2.0.0-2 Initial scan 5.0.0-11 8.0.0-18
0004013000002102,TWN,v0 v1025 v2048,4.1.0-8 5.0.0-11 8.0.0-18
0004013000002103,CHN,v0,4.0.0-7
0004013000002103,USA,v0,2.0.0-2 Initial scan
0004013000002103,JPN,v0,2.0.0-2 Initial scan
0004013000002103,KOR,v0,4.0.0-7
0004013000002103,EUR,v0,2.0.0-2 Initial scan
0004013000002103,TWN,v0,4.1.0-8
0004013000002202,CHN,v5120 v6146 v7168 v8192 v9219 v11264,4.0.0-7 5.0.0-11 6.0.0-11 7.0.0-13 8.0.0-18 9.6.0-24
0004013000002202,USA,v1026 v3075 v5120 v6146 v7168 v8192 v9219 v11264,2.0.0-2 Initial scan 3.0.0-5 4.0.0-7 5.0.0-11 6.0.0-11 7.0.0-13 8.0.0-18 9.6.0-24
0004013000002202,JPN,v1026 v3075 v5120 v6146 v7168 v8192 v9219 v11264,2.0.0-2 Initial scan 3.0.0-5 4.0.0-7 5.0.0-11 6.0.0-11 7.0.0-13 8.0.0-18 9.6.0-24
0004013000002202,KOR,v5120 v6146 v7168 v8192 v9219 v11264,4.0.0-7 5.0.0-11 6.0.0-11 7.0.0-13 8.0.0-18 9.6.0-24
0004013000002202,EUR,v1026 v3075 v5120 v6146 v7168 v8192 v9219 v11264,2.0.0-2 Initial scan 3.0.0-5 4.0.0-7 5.0.0-11 6.0.0-11 7.0.0-13 8.0.0-18 9.6.0-24
0004013000002202,TWN,v5120 v6146 v7168 v8192 v9219 v11264,4.1.0-8 5.0.0-11 6.0.0-11 7.0.0-13 8.0.0-18 9.6.0-24
0004013000002203,CHN,v0,4.0.0-7
0004013000002203,USA,v0,2.0.0-2 Initial scan
0004013000002203,JPN,v0,2.0.0-2 Initial scan
0004013000002203,KOR,v0,4.0.0-7
0004013000002203,EUR,v0,2.0.0-2 Initial scan
0004013000002203,TWN,v0,4.1.0-8
0004013000002302,CHN,v1025 v2049 v3072,4.0.0-7 5.0.0-11 8.0.0-18
0004013000002302,USA,v1025 v2049 v3072,2.0.0-2 Initial scan 5.0.0-11 8.0.0-18
0004013000002302,JPN,v1025 v2049 v3072,2.0.0-2 Initial scan 5.0.0-11 8.0.0-18
0004013000002302,KOR,v1025 v2049 v3072,4.0.0-7 5.0.0-11 8.0.0-18
0004013000002302,EUR,v1025 v2049 v3072,2.0.0-2 Initial scan 5.0.0-11 8.0.0-18
0004013000002302,TWN,v1025 v2049 v3072,4.1.0-8 5.0.0-11 8.0.0-18
0004013000002303,CHN,v0,4.0.0-7
0004013000002303,USA,v0,2.0.0-2 Initial scan
0004013000002303,JPN,v0,2.0.0-2 Initial scan
0004013000002303,KOR,v0,4.0.0-7
0004013000002303,EUR,v0,2.0.0-2 Initial scan
0004013000002303,TWN,v0,4.1.0-8
0004013000002402,CHN,v4101 v5122 v6145 v7172 v8192 v9216,4.0.0-7 5.0.0-11 7.0.0-13 8.0.0-18 9.0.0-20 (stage2) 9.3.0-21 (stage4)
0004013000002402,USA,v2052 v3072 v4101 v5122 v6145 v7172 v8192 v9216,2.0.0-2 Initial scan 2.1.0-3 3.0.0-5 5.0.0-11 7.0.0-13 8.0.0-18 9.0.0-20 9.3.0-21 (stage3)
0004013000002402,JPN,v2052 v3072 v4101 v5122 v6145 v7172 v8192 v9216,2.0.0-2 Initial scan 2.1.0-3 3.0.0-5 5.0.0-11 7.0.0-13 8.0.0-18 9.0.0-20 9.3.0-21 (stage3)
0004013000002402,KOR,v4101 v5122 v6145 v7172 v8192 v9216,4.0.0-7 5.0.0-11 7.0.0-13 8.0.0-18 9.0.0-20 9.3.0-21 (stage2)
0004013000002402,EUR,v2052 v3072 v4101 v5122 v6145 v7172 v8192 v9216,2.0.0-2 Initial scan 2.1.0-3 3.0.0-5 5.0.0-11 7.0.0-13 8.0.0-18 9.0.0-20 (stage3) 9.3.0-21 (stage2)
0004013000002402,TWN,v4101 v5122 v6145 v7172 v8192 v9216,4.1.0-8 5.0.0-11 7.0.0-13 8.0.0-18 9.0.0-20 (stage4) 9.3.0-21 (stage5)
0004013000002403,CHN,v0,4.0.0-7
0004013000002403,USA,v0,2.0.0-2 Initial scan
0004013000002403,JPN,v0,2.0.0-2 Initial scan
0004013000002403,KOR,v0,4.0.0-7
0004013000002403,EUR,v0,2.0.0-2 Initial scan
0004013000002403,TWN,v0,4.1.0-8
0004013000002602,CHN,v4097 v5122 v6144 v7170 v8193 v9216 v10240,4.0.0-7 5.0.0-11 6.0.0-11 6.2.0-12 7.0.0-13 8.0.0-18 9.0.0-20 (stage2)
0004013000002602,USA,v1026 v3073 v4097 v5122 v6144 v7170 v8193 v9216 v10240,2.0.0-2 Initial scan 3.0.0-5 4.0.0-7 5.0.0-11 6.0.0-11 6.2.0-12 7.0.0-13 8.0.0-18 9.0.0-20
0004013000002602,JPN,v1026 v3073 v4097 v5122 v6144 v7170 v8193 v9216 v10240,2.0.0-2 Initial scan 3.0.0-5 4.0.0-7 5.0.0-11 6.0.0-11 6.2.0-12 7.0.0-13 8.0.0-18 9.0.0-20
0004013000002602,KOR,v4097 v5122 v6144 v7170 v8193 v9216 v10240,4.0.0-7 5.0.0-11 6.0.0-11 6.2.0-12 7.0.0-13 8.0.0-18 9.0.0-20
0004013000002602,EUR,v1026 v3073 v4097 v5122 v6144 v7170 v8193 v9216 v10240,2.0.0-2 Initial scan 3.0.0-5 4.0.0-7 5.0.0-11 6.0.0-11 6.2.0-12E 7.0.0-13 8.0.0-18 9.0.0-20 (stage3)
0004013000002602,TWN,v4097 v5122 v6144 v7170 v8193 v9216 v10240,4.1.0-8 5.0.0-11 6.0.0-11 6.2.0-12 7.0.0-13 8.0.0-18 9.0.0-20 (stage4)
0004013000002702,CHN,v2048 v3073 v4096 v5120,4.0.0-7 5.0.0-11 8.0.0-18 9.0.0-20 (stage2)
0004013000002702,USA,v1025 v2048 v3073 v4096 v5120,2.0.0-2 Initial scan 4.0.0-7 5.0.0-11 8.0.0-18 9.0.0-20
0004013000002702,JPN,v1025 v2048 v3073 v4096 v5120,2.0.0-2 Initial scan 4.0.0-7 5.0.0-11 8.0.0-18 9.0.0-20
0004013000002702,KOR,v2048 v3073 v4096 v5120,4.0.0-7 5.0.0-11 8.0.0-18 9.0.0-20
0004013000002702,EUR,v1025 v2048 v3073 v4096 v5120,2.0.0-2 Initial scan 4.0.0-7 5.0.0-11 8.0.0-18 9.0.0-20 (stage3)
0004013000002702,TWN,v2048 v3073 v4096 v5120,4.1.0-8 5.0.0-11 8.0.0-18 9.0.0-20 (stage4)
0004013000002703,CHN,v0,4.0.0-7
0004013000002703,USA,v0,2.0.0-2 Initial scan
0004013000002703,JPN,v0,2.0.0-2 Initial scan
0004013000002703,KOR,v0,4.0.0-7
0004013000002703,EUR,v0,2.0.0-2 Initial scan
0004013000002703,TWN,v0,4.1.0-8
0004013000002802,CHN,v3078 v4099 v5123 v6145 v7174 v8192,4.0.0-7 5.0.0-11 8.0.0-18 9.0.0-20 (stage2) 9.6.0-24 10.0.0-27
0004013000002802,USA,v1026 v3078 v4099 v5123 v6145 v7174 v8192,2.0.0-2 Initial scan 3.0.0-5 5.0.0-11 8.0.0-18 9.0.0-20 9.6.0-24 10.0.0-27
0004013000002802,JPN,v1026 v3078 v4099 v5123 v6145 v7174 v8192,2.0.0-2 Initial scan 3.0.0-5 5.0.0-11 8.0.0-18 9.0.0-20 9.6.0-24 10.0.0-27
0004013000002802,KOR,v3078 v4099 v5123 v6145 v7174 v8192,4.0.0-7 5.0.0-11 8.0.0-18 9.0.0-20 9.6.0-24 10.0.0-27
0004013000002802,EUR,v1026 v3078 v4099 v5123 v6145 v7174 v8192,2.0.0-2 Initial scan 3.0.0-5 5.0.0-11 8.0.0-18 9.0.0-20 (stage3) 9.6.0-24 10.0.0-27
0004013000002802,TWN,v3078 v4099 v5123 v6145 v7174 v8192,4.1.0-8 5.0.0-11 8.0.0-18 9.0.0-20 (stage4) 9.6.0-24 10.0.0-27
0004013000002902,CHN,v5122 v6145 v7171 v8192 v9220 v10245 v12288 v13318,4.0.0-7 5.0.0-11 7.0.0-13 7.1.0-14 8.0.0-18 8.1.0-18 9.0.0-20 (stage2) 9.6.0-24
0004013000002902,USA,v1026 v2049 v4099 v5122 v6145 v7171 v8192 v9220 v10245 v12288 v13318,2.0.0-2 Initial scan 2.1.0-3 3.0.0-5 4.0.0-7 5.0.0-11 7.0.0-13 7.1.0-14 8.0.0-18 8.1.0-18 9.0.0-20 9.6.0-24
0004013000002902,JPN,v1026 v2049 v4099 v5122 v6145 v7171 v8192 v9220 v10245 v12288 v13318,2.0.0-2 Initial scan 2.1.0-3 3.0.0-5 4.0.0-7 5.0.0-11 7.0.0-13 7.1.0-14 8.0.0-18 8.1.0-18 9.0.0-20 9.6.0-24
0004013000002902,KOR,v5122 v6145 v7171 v8192 v9220 v10245 v12288 v13318,4.0.0-7 5.0.0-11 7.0.0-13 7.1.0-14 8.0.0-18 8.1.0-18 9.0.0-20 9.6.0-24
0004013000002902,EUR,v1026 v2049 v4099 v5122 v6145 v7171 v8192 v9220 v10245 v12288 v13318,2.0.0-2 Initial scan 2.1.0-3 3.0.0-5 4.0.0-7 5.0.0-11 7.0.0-13 7.1.0-14 8.0.0-18 8.1.0-18 9.0.0-20 (stage3) 9.6.0-24
0004013000002902,TWN,v5122 v6145 v7171 v8192 v9220 v10245 v12288 v13318,4.1.0-8 5.0.0-11 7.0.0-13 7.1.0-14 8.0.0-18 8.1.0-18 9.0.0-20 (stage4) 9.6.0-24
0004013000002903,CHN,v0,4.0.0-7
0004013000002903,USA,v0,2.0.0-2 Initial scan
0004013000002903,JPN,v0,2.0.0-2 Initial scan
0004013000002903,KOR,v0,4.0.0-7
0004013000002903,EUR,v0,2.0.0-2 Initial scan
0004013000002903,TWN,v0,4.1.0-8
0004013000002A02,CHN,v0 v1025 v2048,4.0.0-7 5.0.0-11 8.0.0-18
0004013000002A02,USA,v0 v1025 v2048,2.0.0-2 Initial scan 5.0.0-11 8.0.0-18
0004013000002A02,JPN,v0 v1025 v2048,2.0.0-2 Initial scan 5.0.0-11 8.0.0-18
0004013000002A02,KOR,v0 v1025 v2048,4.0.0-7 5.0.0-11 8.0.0-18
0004013000002A02,EUR,v0 v1025 v2048,2.0.0-2 Initial scan 5.0.0-11 8.0.0-18
0004013000002A02,TWN,v0 v1025 v2048,4.1.0-8 5.0.0-11 8.0.0-18
0004013000002A03,CHN,v0,4.0.0-7
0004013000002A03,USA,v0,2.0.0-2 Initial scan
0004013000002A03,JPN,v0,2.0.0-2 Initial scan
0004013000002A03,KOR,v0,4.0.0-7
0004013000002A03,EUR,v0,2.0.0-2 Initial scan
0004013000002A03,TWN,v0,4.1.0-8
0004013000002B02,CHN,v3072 v4098 v5124 v7169,4.0.0-7 5.0.0-11 8.0.0-18 9.0.0-20 (stage2)
0004013000002B02,USA,v1025 v2049 v3072 v4098 v5124 v7169,2.0.0-2 Initial scan 3.0.0-5 4.0.0-7 5.0.0-11 8.0.0-18 9.0.0-20
0004013000002B02,JPN,v1025 v2049 v3072 v4098 v5124 v7169,2.0.0-2 Initial scan 3.0.0-5 4.0.0-7 5.0.0-11 8.0.0-18 9.0.0-20
0004013000002B02,KOR,v3072 v4098 v5124 v7169,4.0.0-7 5.0.0-11 8.0.0-18 9.0.0-20
0004013000002B02,EUR,v1025 v2049 v3072 v4098 v5124 v7169,2.0.0-2 Initial scan 3.0.0-5 4.0.0-7 5.0.0-11 8.0.0-18 9.0.0-20 (stage3)
0004013000002B02,TWN,v3072 v4098 v5124 v7169,4.1.0-8 5.0.0-11 8.0.0-18 9.0.0-20 (stage4)
0004013000002C02,CHN,v3074 v4100 v5120 v6148 v7174 v8195 v10249 v11267 v12296 v13313,4.0.0-7 5.0.0-11 6.0.0-11 7.0.0-13 7.2.0-17 8.0.0-18 9.0.0-20 (stage2) 9.3.0-21 (stage4) 9.6.0-24 10.0.0-27
0004013000002C02,USA,v1028 v2055 v3074 v4100 v5120 v6148 v7174 v8195 v10249 v11267 v12296 v13313,2.0.0-2 Initial scan 3.0.0-5 4.0.0-7 5.0.0-11 6.0.0-11 7.0.0-13 7.2.0-17 8.0.0-18 9.0.0-20 9.3.0-21 (stage3) 9.6.0-24 10.0.0-27
0004013000002C02,JPN,v1028 v2055 v3074 v4100 v5120 v6148 v7174 v8195 v10249 v11267 v12296 v13313,2.0.0-2 Initial scan 3.0.0-5 4.0.0-7 5.0.0-11 6.0.0-11 7.0.0-13 7.2.0-17 8.0.0-18 9.0.0-20 9.3.0-21 (stage3) 9.6.0-24 10.0.0-27
0004013000002C02,KOR,v3074 v4100 v5120 v6148 v7174 v8195 v10249 v11267 v12296 v13313,4.0.0-7 5.0.0-11 6.0.0-11 7.0.0-13 7.2.0-17 8.0.0-18 9.0.0-20 9.3.0-21 (stage2) 9.6.0-24 10.0.0-27
0004013000002C02,EUR,v1028 v2055 v3074 v4100 v5120 v6148 v7174 v8195 v10249 v11267 v12296 v13313,2.0.0-2 Initial scan 3.0.0-5 4.0.0-7 5.0.0-11 6.0.0-11 7.0.0-13 7.2.0-17 8.0.0-18 9.0.0-20 (stage3) 9.3.0-21 (stage2) 9.6.0-24 10.0.0-27
0004013000002C02,TWN,v3074 v4100 v5120 v6148 v7174 v8195 v10249 v11267 v12296 v13313,4.1.0-8 5.0.0-11 6.0.0-11 7.0.0-13 7.2.0-17 8.0.0-18 9.0.0-20 (stage4) 9.3.0-21 (stage5) 9.6.0-24 10.0.0-27
0004013000002C03,USA,v0,2.0.0-2 Initial scan
0004013000002C03,JPN,v0,2.0.0-2 Initial scan
0004013000002C03,EUR,v0,2.0.0-2 Initial scan
0004013000002D02,CHN,v5120 v6148 v7169 v8196 v9216 v10240,4.0.0-7 5.0.0-11 6.0.0-11 7.2.0-17 8.0.0-18 9.0.0-20 (stage2)
0004013000002D02,USA,v2052 v4101 v5120 v6148 v7169 v8196 v9216 v10240,2.0.0-2 Initial scan 3.0.0-5 4.0.0-7 5.0.0-11 6.0.0-11 7.2.0-17 8.0.0-18 9.0.0-20
0004013000002D02,JPN,v2052 v4101 v5120 v6148 v7169 v8196 v9216 v10240,2.0.0-2 Initial scan 3.0.0-5 4.0.0-7 5.0.0-11 6.0.0-11 7.2.0-17 8.0.0-18 9.0.0-20
0004013000002D02,KOR,v5120 v6148 v7169 v8196 v9216 v10240,4.0.0-7 5.0.0-11 6.0.0-11 7.2.0-17 8.0.0-18 9.0.0-20
0004013000002D02,EUR,v2052 v4101 v5120 v6148 v7169 v8196 v9216 v10240,2.0.0-2 Initial scan 3.0.0-5 4.0.0-7 5.0.0-11 6.0.0-11 7.2.0-17 8.0.0-18 9.0.0-20 (stage3)
0004013000002D02,TWN,v5120 v6148 v7169 v8196 v9216 v10240,4.1.0-8 5.0.0-11 6.0.0-11 7.2.0-17 8.0.0-18 9.0.0-20 (stage4)
0004013000002D03,CHN,v0 v5120,4.0.0-7 6.0.0-11
0004013000002D03,USA,v0 v5120,2.0.0-2 Initial scan 6.0.0-11
0004013000002D03,JPN,v0 v5120,2.0.0-2 Initial scan 6.0.0-11
0004013000002D03,KOR,v0 v5120,4.0.0-7 6.0.0-11
0004013000002D03,EUR,v0 v5120,2.0.0-2 Initial scan 6.0.0-11
0004013000002D03,TWN,v0 v5120,4.1.0-8 6.0.0-11
0004013000002E02,CHN,v4096 v5121 v6144 v7168 v8192,4.0.0-7 5.0.0-11 8.0.0-18 9.0.0-20 (stage2) 10.6.0-31
0004013000002E02,USA,v2053 v3075 v4096 v5121 v6144 v7168 v8192,2.0.0-2 Initial scan 3.0.0-5 4.0.0-7 5.0.0-11 8.0.0-18 9.0.0-20 10.6.0-31
0004013000002E02,JPN,v2053 v3075 v4096 v5121 v6144 v7168 v8192,2.0.0-2 Initial scan 3.0.0-5 4.0.0-7 5.0.0-11 8.0.0-18 9.0.0-20 10.6.0-31
0004013000002E02,KOR,v4096 v5121 v6144 v7168 v8192,4.0.0-7 5.0.0-11 8.0.0-18 9.0.0-20 10.6.0-31
0004013000002E02,EUR,v2053 v3075 v4096 v5121 v6144 v7168 v8192,2.0.0-2 Initial scan 3.0.0-5 4.0.0-7 5.0.0-11 8.0.0-18 9.0.0-20 (stage3) 10.6.0-31
0004013000002E02,TWN,v4096 v5121 v6144 v7168 v8192,4.1.0-8 5.0.0-11 8.0.0-18 9.0.0-20 (stage4) 10.6.0-31
0004013000002E03,CHN,v0,4.0.0-7
0004013000002E03,USA,v0,2.0.0-2 Initial scan
0004013000002E03,JPN,v0,2.0.0-2 Initial scan
0004013000002E03,KOR,v0,4.0.0-7
0004013000002E03,EUR,v0,2.0.0-2 Initial scan
0004013000002E03,TWN,v0,4.1.0-8
0004013000002F02,CHN,v4096 v5122 v6144 v7168 v8198,4.0.0-7 5.0.0-11 8.0.0-18 9.0.0-20 (stage2) 9.6.0-24
0004013000002F02,USA,v1024 v2048 v3072 v4096 v5122 v6144 v7168 v8198,2.0.0-2 Initial scan 2.1.0-3 3.0.0-5 4.0.0-7 5.0.0-11 8.0.0-18 9.0.0-20 9.6.0-24
0004013000002F02,JPN,v1024 v2048 v3072 v4096 v5122 v6144 v7168 v8198,2.0.0-2 Initial scan 2.1.0-3 3.0.0-5 4.0.0-7 5.0.0-11 8.0.0-18 9.0.0-20 9.6.0-24
0004013000002F02,KOR,v4096 v5122 v6144 v7168 v8198,4.0.0-7 5.0.0-11 8.0.0-18 9.0.0-20 9.6.0-24
0004013000002F02,EUR,v1024 v2048 v3072 v4096 v5122 v6144 v7168 v8198,2.0.0-2 Initial scan 2.1.0-3 3.0.0-5 4.0.0-7 5.0.0-11 8.0.0-18 9.0.0-20 (stage3) 9.6.0-24
0004013000002F02,TWN,v4096 v5122 v6144 v7168 v8198,4.1.0-8 5.0.0-11 8.0.0-18 9.0.0-20 (stage4) 9.6.0-24
0004013000002F03,CHN,v0,4.0.0-7
0004013000002F03,USA,v0,2.0.0-2 Initial scan
0004013000002F03,JPN,v0,2.0.0-2 Initial scan
0004013000002F03,KOR,v0,4.0.0-7
0004013000002F03,EUR,v0,2.0.0-2 Initial scan
0004013000002F03,TWN,v0,4.1.0-8
0004013000003102,CHN,v1025 v2049 v3072 v4096 v5120,4.0.0-7 5.0.0-11 6.0.0-11 8.0.0-18 9.0.0-20 (stage2)
0004013000003102,USA,v1025 v2049 v3072 v4096 v5120,2.0.0-2 Initial scan 5.0.0-11 6.0.0-11 8.0.0-18 9.0.0-20
0004013000003102,JPN,v1025 v2049 v3072 v4096 v5120,2.0.0-2 Initial scan 5.0.0-11 6.0.0-11 8.0.0-18 9.0.0-20
0004013000003102,KOR,v1025 v2049 v3072 v4096 v5120,4.0.0-7 5.0.0-11 6.0.0-11 8.0.0-18 9.0.0-20
0004013000003102,EUR,v1025 v2049 v3072 v4096 v5120,2.0.0-2 Initial scan 5.0.0-11 6.0.0-11 8.0.0-18 9.0.0-20 (stage3)
0004013000003102,TWN,v1025 v2049 v3072 v4096 v5120,4.1.0-8 5.0.0-11 6.0.0-11 8.0.0-18 9.0.0-20 (stage4)
0004013000003103,CHN,v0,4.0.0-7
0004013000003103,USA,v0,2.0.0-2 Initial scan
0004013000003103,JPN,v0,2.0.0-2 Initial scan
0004013000003103,KOR,v0,4.0.0-7
0004013000003103,EUR,v0,2.0.0-2 Initial scan
0004013000003103,TWN,v0,4.1.0-8
0004013000003202,CHN,v4096 v5122 v6145 v7172 v8192 v9216 v10240,4.0.0-7 5.0.0-11 7.0.0-13 8.0.0-18 9.0.0-20 (stage2) 10.5.0-30 10.7.0-32
0004013000003202,USA,v1028 v3072 v4096 v5122 v6145 v7172 v8192 v9216 v10240,2.0.0-2 Initial scan 3.0.0-5 4.0.0-7 5.0.0-11 7.0.0-13 8.0.0-18 9.0.0-20 10.5.0-30 10.7.0-32
0004013000003202,JPN,v1028 v3072 v4096 v5122 v6145 v7172 v8192 v9216 v10240,2.0.0-2 Initial scan 3.0.0-5 4.0.0-7 5.0.0-11 7.0.0-13 8.0.0-18 9.0.0-20 10.5.0-30 10.7.0-32
0004013000003202,KOR,v4096 v5122 v6145 v7172 v8192 v9216 v10240,4.0.0-7 5.0.0-11 7.0.0-13 8.0.0-18 9.0.0-20 10.5.0-30 10.7.0-32
0004013000003202,EUR,v1028 v3072 v4096 v5122 v6145 v7172 v8192 v9216 v10240,2.0.0-2 Initial scan 3.0.0-5 4.0.0-7 5.0.0-11 7.0.0-13 8.0.0-18 9.0.0-20 (stage3) 10.5.0-30 10.7.0-32
0004013000003202,TWN,v4096 v5122 v6145 v7172 v8192 v9216 v10240,4.1.0-8 5.0.0-11 7.0.0-13 8.0.0-18 9.0.0-20 (stage4) 10.5.0-30 10.7.0-32
0004013000003203,CHN,v0,4.0.0-7
0004013000003203,USA,v0,2.0.0-2 Initial scan
0004013000003203,JPN,v0,2.0.0-2 Initial scan
0004013000003203,KOR,v0,4.0.0-7
0004013000003203,EUR,v0,2.0.0-2 Initial scan
0004013000003203,TWN,v0,4.1.0-8
0004013000003302,CHN,v4096 v5121 v6148 v8192 v9216 v10246 v11265 v12289,4.0.0-7 5.0.0-11 8.0.0-18 9.0.0-20 (stage2) 9.3.0-21 (stage4) 9.6.0-24 10.0.0-27 10.6.0-31
0004013000003302,USA,v1026 v3072 v4096 v5121 v6148 v8192 v9216 v10246 v11265 v12289,2.0.0-2 Initial scan 3.0.0-5 4.0.0-7 5.0.0-11 8.0.0-18 9.0.0-20 9.3.0-21 (stage3) 9.6.0-24 10.0.0-27 10.6.0-31
0004013000003302,JPN,v1026 v3072 v4096 v5121 v6148 v8192 v9216 v10246 v11265 v12289,2.0.0-2 Initial scan 3.0.0-5 4.0.0-7 5.0.0-11 8.0.0-18 9.0.0-20 9.3.0-21 (stage3) 9.6.0-24 10.0.0-27 10.6.0-31
0004013000003302,KOR,v4096 v5121 v6148 v8192 v9216 v10246 v11265 v12289,4.0.0-7 5.0.0-11 8.0.0-18 9.0.0-20 9.3.0-21 (stage2) 9.6.0-24 10.0.0-27 10.6.0-31
0004013000003302,EUR,v1026 v3072 v4096 v5121 v6148 v8192 v9216 v10246 v11265 v12289,2.0.0-2 Initial scan 3.0.0-5 4.0.0-7 5.0.0-11 8.0.0-18 9.0.0-20 (stage3) 9.3.0-21 (stage2) 9.6.0-24 10.0.0-27 10.6.0-31
0004013000003302,TWN,v4096 v5121 v6148 v8192 v9216 v10246 v11265 v12289,4.1.0-8 5.0.0-11 8.0.0-18 9.0.0-20 (stage4) 9.3.0-21 (stage5) 9.6.0-24 10.0.0-27 10.6.0-31
0004013000003303,CHN,v0,4.0.0-7
0004013000003303,USA,v0,2.0.0-2 Initial scan
0004013000003303,JPN,v0,2.0.0-2 Initial scan
0004013000003303,KOR,v0,4.0.0-7
0004013000003303,EUR,v0,2.0.0-2 Initial scan
0004013000003303,TWN,v0,4.1.0-8
0004013000003402,CHN,v5122 v6146 v7169 v8193 v9222 v10240 v11266 v12289 v13314,4.0.0-7 5.0.0-11 6.0.0-11 6.2.0-12 7.0.0-13 8.0.0-18 9.0.0-20 (stage2) 10.0.0-27 10.4.0-29
0004013000003402,USA,v2053 v4101 v5122 v6146 v7169 v8193 v9222 v10240 v11266 v12289 v13314,2.0.0-2 Initial scan 3.0.0-5 4.0.0-7 5.0.0-11 6.0.0-11 6.2.0-12 7.0.0-13 8.0.0-18 9.0.0-20 10.0.0-27 10.4.0-29
0004013000003402,JPN,v2053 v4101 v5122 v6146 v7169 v8193 v9222 v10240 v11266 v12289 v13314,2.0.0-2 Initial scan 3.0.0-5 4.0.0-7 5.0.0-11 6.0.0-11 6.2.0-12 7.0.0-13 8.0.0-18 9.0.0-20 10.0.0-27 10.4.0-29
0004013000003402,KOR,v5122 v6146 v7169 v8193 v9222 v10240 v11266 v12289 v13314,4.0.0-7 5.0.0-11 6.0.0-11 6.2.0-12 7.0.0-13 8.0.0-18 9.0.0-20 10.0.0-27 10.4.0-29
0004013000003402,EUR,v2053 v4101 v5122 v6146 v7169 v8193 v9222 v10240 v11266 v12289 v13314,2.0.0-2 Initial scan 3.0.0-5 4.0.0-7 5.0.0-11 6.0.0-11 6.2.0-12E 7.0.0-13 8.0.0-18 9.0.0-20 (stage3) 10.0.0-27 10.4.0-29
0004013000003402,TWN,v5122 v6146 v7169 v8193 v9222 v10240 v11266 v12289 v13314,4.1.0-8 5.0.0-11 6.0.0-11 6.2.0-12 7.0.0-13 8.0.0-18 9.0.0-20 (stage4) 10.0.0-27 10.4.0-29
0004013000003502,CHN,v3072 v4097 v5120 v6147 v7168,4.0.0-7 5.0.0-11 8.0.0-18 9.0.0-20 (stage2) 9.7.0-25
0004013000003502,USA,v1028 v3072 v4097 v5120 v6147 v7168,2.0.0-2 Initial scan 3.0.0-5 5.0.0-11 8.0.0-18 9.0.0-20 9.7.0-25
0004013000003502,JPN,v1028 v3072 v4097 v5120 v6147 v7168,2.0.0-2 Initial scan 3.0.0-5 5.0.0-11 8.0.0-18 9.0.0-20 9.7.0-25
0004013000003502,KOR,v3072 v4097 v5120 v6147 v7168,4.0.0-7 5.0.0-11 8.0.0-18 9.0.0-20 9.7.0-25
0004013000003502,EUR,v1028 v3072 v4097 v5120 v6147 v7168,2.0.0-2 Initial scan 3.0.0-5 5.0.0-11 8.0.0-18 9.0.0-20 (stage3) 9.7.0-25
0004013000003502,TWN,v3072 v4097 v5120 v6147 v7168,4.1.0-8 5.0.0-11 8.0.0-18 9.0.0-20 (stage4) 9.7.0-25
0004013000003702,CHN,v1024 v2049 v3074 v4096 v5120 v6148,4.0.0-7 5.0.0-11 7.2.0-17 8.0.0-18 9.0.0-20 (stage2) 9.3.0-21 (stage4)
0004013000003702,USA,v0 v1024 v2049 v3074 v4096 v5120 v6148,2.0.0-2 Initial scan 4.0.0-7 5.0.0-11 7.2.0-17 8.0.0-18 9.0.0-20 9.3.0-21 (stage3)
0004013000003702,JPN,v0 v1024 v2049 v3074 v4096 v5120 v6148,2.0.0-2 Initial scan 4.0.0-7 5.0.0-11 7.2.0-17 8.0.0-18 9.0.0-20 9.3.0-21 (stage3)
0004013000003702,KOR,v1024 v2049 v3074 v4096 v5120 v6148,4.0.0-7 5.0.0-11 7.2.0-17 8.0.0-18 9.0.0-20 9.3.0-21 (stage2)
0004013000003702,EUR,v0 v1024 v2049 v3074 v4096 v5120 v6148,2.0.0-2 Initial scan 4.0.0-7 5.0.0-11 7.2.0-17 8.0.0-18 9.0.0-20 (stage3) 9.3.0-21 (stage2)
0004013000003702,TWN,v1024 v2049 v3074 v4096 v5120 v6148,4.1.0-8 5.0.0-11 7.2.0-17 8.0.0-18 9.0.0-20 (stage4) 9.3.0-21 (stage5)
0004013000008002,CHN,v5121 v6148 v7168 v8193 v9216 v10248 v11268 v12291 v14336 v15360 v16390 v17408 v18433 v19458,4.0.0-7 5.0.0-11 5.1.0-11 6.0.0-11 6.1.0-11 7.0.0-13 7.2.0-17 8.0.0-18 9.0.0-20 (stage2) 9.3.0-21 (stage4) 9.6.0-24 9.8.0-25 10.0.0-27 10.4.0-29
0004013000008002,USA,v1028 v3077 v5121 v6148 v7168 v8193 v9216 v10248 v11268 v12291 v14336 v15360 v16390 v17408 v18433 v19458,2.0.0-2 Initial scan 3.0.0-5 4.0.0-7 5.0.0-11 5.1.0-11 6.0.0-11 6.1.0-11 7.0.0-13 7.2.0-17 8.0.0-18 9.0.0-20 9.3.0-21 (stage3) 9.6.0-24 9.8.0-25 10.0.0-27 10.4.0-29
0004013000008002,JPN,v1028 v3077 v5121 v6148 v7168 v8193 v9216 v10248 v11268 v12291 v14336 v15360 v16390 v17408 v18433 v19458,2.0.0-2 Initial scan 3.0.0-5 4.0.0-7 5.0.0-11 5.1.0-11 6.0.0-11 6.1.0-11 7.0.0-13 7.2.0-17 8.0.0-18 9.0.0-20 9.3.0-21 (stage3) 9.6.0-24 9.8.0-25 10.0.0-27 10.4.0-29
0004013000008002,KOR,v5121 v6148 v7168 v8193 v9216 v10248 v11268 v12291 v14336 v15360 v16390 v17408 v18433 v19458,4.0.0-7 5.0.0-11 5.1.0-11 6.0.0-11 6.1.0-11 7.0.0-13 7.2.0-17 8.0.0-18 9.0.0-20 9.3.0-21 (stage2) 9.6.0-24 9.8.0-25 10.0.0-27 10.4.0-29
0004013000008002,EUR,v1028 v3077 v5121 v6148 v7168 v8193 v9216 v10248 v11268 v12291 v14336 v15360 v16390 v17408 v18433 v19458,2.0.0-2 Initial scan 3.0.0-5 4.0.0-7 5.0.0-11 5.1.0-11 6.0.0-11 6.1.0-11 7.0.0-13 7.2.0-17 8.0.0-18 9.0.0-20 (stage3) 9.3.0-21 (stage2) 9.6.0-24 9.8.0-25 10.0.0-27 10.4.0-29
0004013000008002,TWN,v5121 v6148 v7168 v8193 v9216 v10248 v11268 v12291 v14336 v15360 v16390 v17408 v18433 v19458,4.1.0-8 5.0.0-11 5.1.0-11 6.0.0-11 6.1.0-11 7.0.0-13 7.2.0-17 8.0.0-18 9.0.0-20 (stage4) 9.3.0-21 (stage5) 9.6.0-24 9.8.0-25 10.0.0-27 10.4.0-29
0004013000008003,USA,v0,2.0.0-2 Initial scan
0004013000008003,JPN,v0,2.0.0-2 Initial scan
0004013000008003,EUR,v0,2.0.0-2 Initial scan
0004013800000002,CHN,v6677 v7712 v8758 v9792 v10833 v11872 v12916 v13956 v15047 v17120 v18182 v19216 v20262 v21288 v22313 v23341,4.0.0-7 4.1.0-8 5.0.0-11 5.1.0-11 6.0.0-11 6.1.0-11 7.0.0-13 7.2.0-17 8.0.0-18 9.0.0-20 (stage2) 9.3.0-21 (stage4) 9.5.0-22 9.6.0-24 10.0.0-27 10.2.0-28 10.4.0-29
0004013800000002,USA,v2516 v3553 v5647 v6677 v7712 v8758 v9792 v10833 v11872 v12916 v13956 v15047 v17120 v18182 v19216 v20262 v21288 v22313 v23341,2.0.0-2 Initial scan 2.1.0-3 3.0.0-5 4.0.0-7 4.1.0-8 5.0.0-11 5.1.0-11 6.0.0-11 6.1.0-11 7.0.0-13 7.2.0-17 8.0.0-18 9.0.0-20 9.3.0-21 (stage3) 9.5.0-22 USA 9.6.0-24 10.0.0-27 10.2.0-28 10.4.0-29
0004013800000002,JPN,v2516 v3553 v5647 v6677 v7712 v8758 v9792 v10833 v11872 v12916 v13956 v15047 v17120 v18182 v19216 v20262 v21288 v22313 v23341,2.0.0-2 Initial scan 2.1.0-3 3.0.0-5 4.0.0-7 4.1.0-8 5.0.0-11 5.1.0-11 6.0.0-11 6.1.0-11 7.0.0-13 7.2.0-17 8.0.0-18 9.0.0-20 9.3.0-21 (stage3) 9.5.0-22 JPN 9.6.0-24 10.0.0-27 10.2.0-28 10.4.0-29
0004013800000002,KOR,v6677 v7712 v8758 v9792 v10833 v11872 v12916 v13956 v15047 v17120 v18182 v19216 v20262 v21288 v22313 v23341,4.0.0-7 4.1.0-8 5.0.0-11 5.1.0-11 6.0.0-11 6.1.0-11 7.0.0-13 7.2.0-17 8.0.0-18 9.0.0-20 9.3.0-21 (stage2) 9.5.0-22 9.6.0-24 10.0.0-27 10.2.0-28 10.4.0-29
0004013800000002,EUR,v2516 v3553 v5647 v6677 v7712 v8758 v9792 v10833 v11872 v12916 v13956 v15047 v17120 v18182 v19216 v20262 v21288 v22313 v23341,2.0.0-2 Initial scan 2.1.0-3 3.0.0-5 4.0.0-7 4.1.0-8 5.0.0-11 5.1.0-11 6.0.0-11 6.1.0-11 7.0.0-13 7.2.0-17 8.0.0-18 9.0.0-20 (stage3) 9.3.0-21 (stage2) 9.5.0-22 EUR 9.6.0-24 10.0.0-27 10.2.0-28 10.4.0-29
0004013800000002,TWN,v7712 v8758 v9792 v10833 v11872 v12916 v13956 v15047 v17120 v18182 v19216 v20262 v21288 v22313 v23341,4.1.0-8 5.0.0-11 5.1.0-11 6.0.0-11 6.1.0-11 7.0.0-13 7.2.0-17 8.0.0-18 9.0.0-20 (stage4) 9.3.0-21 (stage5) 9.5.0-22 9.6.0-24 10.0.0-27 10.2.0-28 10.4.0-29
0004013800000003,CHN,v5632,4.0.0-7
0004013800000003,USA,v432 v5632,2.0.0-2 Initial scan 3.0.0-5
0004013800000003,JPN,v432 v5632,2.0.0-2 Initial scan 3.0.0-5
0004013800000003,KOR,v5632,4.0.0-7
0004013800000003,EUR,v432 v5632,2.0.0-2 Initial scan 3.0.0-5
0004013800000003,TWN,v5632,4.1.0-8
0004013800000102,CHN,v4625 v5681 v6704 v7762 v8817,4.0.0-7 4.4.0-10 4.5.0-10 6.0.0-11 6.2.0-12
0004013800000102,USA,v1489 v2565 v4625 v5681 v6704 v7762 v8817,2.0.0-2 Initial scan 3.0.0-5 4.0.0-7 4.4.0-10 4.5.0-10 6.0.0-11 6.2.0-12
0004013800000102,JPN,v1489 v2565 v4625 v5681 v6704 v7762 v8817,2.0.0-2 Initial scan 3.0.0-5 4.0.0-7 4.4.0-10 4.5.0-10 6.0.0-11 6.2.0-12
0004013800000102,KOR,v4625 v5681 v6704 v7762 v8817,4.0.0-7 4.4.0-10 4.5.0-10 6.0.0-11 6.2.0-12
0004013800000102,EUR,v1489 v2565 v4625 v5681 v6704 v7762 v8817,2.0.0-2 Initial scan 3.0.0-5 4.0.0-7 4.4.0-10 4.5.0-10 6.0.0-11 6.2.0-12E
0004013800000102,TWN,v4625 v5681 v6704 v7762 v8817,4.1.0-8 4.4.0-10 4.5.0-10 6.0.0-11 6.2.0-12
0004800542383841,CHN,v2048,4.0.0-7
0004800542383841,USA,v0 v1025 v2048,2.0.0-2 Initial scan 2.1.0-4 3.0.0-5
0004800542383841,JPN,v0 v1025 v2048,2.0.0-2 Initial scan 2.1.0-4 3.0.0-5
0004800542383841,KOR,v2048,4.0.0-7
0004800542383841,EUR,v0 v1025 v2048,2.0.0-2 Initial scan 2.1.0-4 3.0.0-5
0004800542383841,TWN,v2048,4.1.0-8
00048005484E4441,USA,v1024,2.0.0-2 Initial scan
00048005484E4441,JPN,v1024,2.0.0-2 Initial scan
00048005484E4441,EUR,v1024,2.0.0-2 Initial scan
00048005484E4441,TWN,v1024,4.1.0-8
0004800F484E4841,CHN,v4096 v5120 v6145 v7168 v8192 v9216 v10240 v11264,4.0.0-7 4.2.0-9 4.3.0-10 4.4.0-10 4.5.0-10 5.0.0-11 6.0.0-11 7.0.0-13
0004800F484E4841,USA,v1026 v3072 v4096 v5120 v6145 v7168 v8192 v9216 v10240 v11264,2.0.0-2 Initial scan 3.0.0-5 4.0.0-7 4.2.0-9 4.3.0-10 4.4.0-10 4.5.0-10 5.0.0-11 6.0.0-11 7.0.0-13
0004800F484E4841,JPN,v1026 v3072 v4096 v5120 v6145 v7168 v8192 v9216 v10240 v11264,2.0.0-2 Initial scan 3.0.0-5 4.0.0-7 4.2.0-9 4.3.0-10 4.4.0-10 4.5.0-10 5.0.0-11 6.0.0-11 7.0.0-13
0004800F484E4841,KOR,v4096 v5120 v6145 v7168 v8192 v9216 v10240 v11264,4.0.0-7 4.2.0-9 4.3.0-10 4.4.0-10 4.5.0-10 5.0.0-11 6.0.0-11 7.0.0-13
0004800F484E4841,EUR,v1026 v3072 v4096 v5120 v6145 v7168 v8192 v9216 v10240 v11264,2.0.0-2 Initial scan 3.0.0-5 4.0.0-7 4.2.0-9 4.3.0-10 4.4.0-10 4.5.0-10 5.0.0-11 6.0.0-11 7.0.0-13
0004800F484E4841,TWN,v4096 v5120 v6145 v7168 v8192 v9216 v10240 v11264,4.1.0-8 4.2.0-9 4.3.0-10 4.4.0-10 4.5.0-10 5.0.0-11 6.0.0-11 7.0.0-13
0004800F484E4C41,CHN,v0,4.0.0-7
0004800F484E4C41,USA,v0,2.0.0-2 Initial scan
0004800F484E4C41,JPN,v0,2.0.0-2 Initial scan
0004800F484E4C41,KOR,v0,4.0.0-7
0004800F484E4C41,EUR,v0,2.0.0-2 Initial scan
0004800F484E4C41,TWN,v0,4.1.0-8
0004001000022000,EUR,v1027 v2061 v3075 v4097 v5127 v6157 v7174 v8202 v9220,2.0.0-2 Initial scan 3.0.0-5 4.0.0-7 5.0.0-11 6.0.0-11 7.0.0-13 7.2.0-17 9.0.0-20 (stage3) 9.6.0-24
0004001000022100,EUR,v0 v1026 v2051 v3073,2.0.0-2 Initial scan 2.1.0-4 4.0.0-7 9.0.0-20 (stage3)
0004001000022200,EUR,v1026 v2054 v2064,2.0.0-2 Initial scan 3.0.0-5 7.0.0-13
0004001000022300,EUR,v0 v1024 v2050 v3077,2.0.0-2 Initial scan 2.1.0-4 4.0.0-7 6.0.0-11
0004001000022400,EUR,v0 v16 v1039 v2048 v3073 v3088 v4097,2.0.0-2 Initial scan 2.1.0-4 3.0.0-5 4.0.0-7 6.0.0-11 7.0.0-13 9.0.0-20 (stage3)
0004001000022500,EUR,v0 v1027 v2049 v3072 v3088,2.0.0-2 Initial scan 2.1.0-4 3.0.0-5 4.0.0-7 7.0.0-13
0004001000022700,EUR,v1026 v2055,2.0.0-2 Initial scan 7.0.0-13
0004001000022800,EUR,v1027 v2048 v3087 v4096 v5122,2.0.0-2 Initial scan 2.1.0-4 3.0.0-5 3.0.0-6 6.0.0-11
0004001000022900,EUR,v4 v1026 v2058 v3081 v4096 v5123 v6146 v7171 v8206 v9231 v10245 v11265 v12288 v13320 v15366 v16384 v17421 v18432 v19465 v20482 v21505,2.0.0-2 Initial scan 2.1.0-3 3.0.0-5 4.0.0-7 4.1.0-8 4.2.0-9 4.3.0-10 5.0.0-11 7.0.0-13 7.1.0-14 7.2.0-17 8.0.0-18 8.1.0-19 9.0.0-20 (stage3) 9.3.0-21 (stage2) 9.5.0-22 EUR 9.6.0-24 9.7.0-25 10.0.0-27 10.4.0-29 10.7.0-32
0004001000022A00,EUR,v4 v1035 v2050 v3073 v4109 v5131 v6155,2.0.0-2 Initial scan 3.0.0-5 4.0.0-7 5.0.0-11 7.0.0-13 9.0.0-20 (stage3) 9.6.0-24
0004001000022B00,EUR,v0 v1034,2.0.0-2 Initial scan 3.0.0-5
0004001000022D00,EUR,v0 v1028 v1040,2.0.0-2 Initial scan 2.1.0-4 7.0.0-13
0004001000022E00,EUR,v0 v1026 v1040,2.0.0-2 Initial scan 2.1.0-4 7.0.0-13
0004001000022F00,EUR,v0 v1024 v2050,2.0.0-2 Initial scan 3.0.0-5 6.0.0-11
0004001000025000,EUR,v2048,2.0.0-2 Initial scan
0004003000009802,EUR,v1027 v2049 v4111 v5131 v6146 v7172 v8198 v9230 v11272 v13330 v14336 v15360 v16404 v17415 v19456 v20480 v21504 v22528 v23554 v24576,2.0.0-2 Initial scan 2.1.0-3 3.0.0-5 4.0.0-7 4.2.0-9 5.0.0-11 6.0.0-11 7.0.0-13 9.0.0-20 (stage3) 9.3.0-21 (stage2) 9.4.0-21 9.5.0-22 EUR 9.6.0-24 9.7.0-25 9.8.0-25 10.1.0-27 10.2.0-28 10.3.0-28 10.4.0-29 10.6.0-31
0004003000009902,EUR,v0 v1036 v2049,2.0.0-2 Initial scan 3.0.0-5 9.0.0-20 (stage3)
0004003000009B02,EUR,v1026 v2048 v3072 v4097 v5120,2.0.0-2 Initial scan 3.0.0-5 4.0.0-7 5.0.0-11 9.0.0-20 (stage3)
0004003000009C02,EUR,v1026 v2049 v3073 v4096,2.0.0-2 Initial scan 4.0.0-7 5.0.0-11 9.0.0-20 (stage3)
0004003000009D02,EUR,v6 v1024 v2050 v3074 v3088 v4096 v5121 v6149 v7168 v8192 v9232,2.0.0-2 Initial scan 2.1.0-4 4.0.0-7 5.0.0-11 7.0.0-13 7.1.0-16 9.5.0-23 9.9.0-26 10.2.0-28 10.6.0-31 10.7.0-32
0004003000009F02,EUR,v1026 v3082 v4099 v5120 v6144,2.0.0-2 Initial scan 3.0.0-5 4.0.0-7 7.0.0-13 9.0.0-20 (stage3)
000400300000A002,EUR,v1029 v2054 v3075 v4097,2.0.0-2 Initial scan 3.0.0-5 4.0.0-7 9.0.0-20 (stage3)
000400300000D002,EUR,v1026 v2053 v3072 v4096,2.0.0-2 Initial scan 3.0.0-5 7.0.0-13 9.0.0-20 (stage3)
000400300000D003,EUR,v0,2.0.0-2 Initial scan
000400300000D102,EUR,v0 v1026 v2048 v3077,2.0.0-2 Initial scan 3.0.0-5 9.0.0-20 (stage3) 9.3.0-21 (stage2)
000400300000D302,EUR,v0 v1024 v3075 v4096,2.0.0-2 Initial scan 3.0.0-5 9.0.0-20 (stage3) 9.3.0-21 (stage2)
000400300000D402,EUR,v3 v1026 v2048,2.0.0-2 Initial scan 8.0.0-18 9.0.0-20 (stage3)
0004009B00011202,EUR,v0,2.0.0-2 Initial scan
0004009B00011302,EUR,v0,2.0.0-2 Initial scan
0004009B00011502,EUR,v0,2.0.0-2 Initial scan
0004009B00011702,EUR,v0,2.0.0-2 Initial scan
0004009B00011802,EUR,v0,2.0.0-2 Initial scan
0004009B00011B02,EUR,v0,2.0.0-2 Initial scan
0004009B00011C02,EUR,v0,2.0.0-2 Initial scan
0004009B00012102,EUR,v1026 v2051 v3074 v4096 v5120 v6151 v7168 v8192 v9220 v10242 v11268 v12289 v13313,2.0.0-2 Initial scan 3.0.0-5 4.0.0-7 4.2.0-9 5.0.0-11 7.0.0-13 7.2.0-17 8.0.0-18 9.0.0-20 (stage3) 9.3.0-21 (stage2) 9.6.0-24 10.0.0-27 10.4.0-29
0004009B00013102,EUR,v1024 v2049 v3074 v4100 v5120 v6144 v7168,2.0.0-2 Initial scan 3.0.0-5 7.0.0-13 7.2.0-17 9.0.0-20 (stage3) 9.9.0-26 10.4.0-29
0004009B00015102,EUR,v1024 v2048,2.0.0-2 Initial scan 7.0.0-13
000400DB00016102,EUR,v32 v48 v64 v80 v96 v112 v128 v144 v160 v176 v192 v208 v224 v240 v256 v272 v288 v304 v320 v336 v352 v368 v384 v400 v416 v432 v448 v464 v480 v496 v512,2.0.0-2 Initial scan 2.1.0-3 2.1.0-4 3.0.0-5 3.0.0-6 4.0.0-7 4.1.0-8 4.2.0-9 4.3.0-10 5.0.0-11 6.0.0-11 7.0.0-13 7.1.0-14 7.1.0-15 7.1.0-16 7.2.0-17 8.0.0-18 8.1.0-19 9.0.0-20 (stage3) 9.3.0-21 (stage2) 9.5.0-22 EUR 9.5.0-23 9.6.0-24 9.7.0-25 9.9.0-26 10.0.0-27 10.2.0-28 10.4.0-29 10.5.0-30 10.6.0-31 10.7.0-32
000400DB00017102,EUR,v2049 v2069 v3088 v4098 v4113 v4130 v4145 v4163 v4176 v5120 v5136 v6146 v6160 v6178 v6192 v7175 v7187 v7203 v8196 v8208 v9218 v9264 v9280 v9296 v9319 v9328 v9344 v9360 v10240 v10256 v10272 v10288 v10304 v10320 v10336 v10352,2.0.0-2 Initial scan 2.1.0-3 3.0.0-5 4.0.0-7 4.1.0-8 4.2.0-9 4.3.0-10 4.4.0-10 4.5.0-10 5.0.0-11 5.1.0-11 6.0.0-11 6.1.0-11 6.2.0-12E 6.3.0-12 7.0.0-13 7.1.0-14 7.2.0-17 8.0.0-18 8.1.0-18 9.0.0-20 (stage3) 9.3.0-21 (stage2) 9.4.0-21 9.5.0-22 EUR 9.6.0-24 9.7.0-25 9.8.0-25 9.9.0-26 10.0.0-27 10.1.0-27 10.2.0-28 10.3.0-28 10.4.0-29 10.5.0-30 10.6.0-31 10.7.0-32
0004001000020000,JPN,v1027 v2060 v3074 v4097 v5127 v6157 v7173 v9224 v10245 v10256,2.0.0-2 Initial scan 3.0.0-5 4.0.0-7 5.0.0-11 6.0.0-11 7.0.0-13 7.2.0-17 9.0.0-20 9.6.0-24 10.6.0-31
0004001000020100,JPN,v0 v1026 v2051 v3072,2.0.0-2 Initial scan 2.1.0-4 4.0.0-7 9.0.0-20
0004001000020200,JPN,v1026 v2051 v2080,2.0.0-2 Initial scan 3.0.0-5 10.6.0-31
0004001000020300,JPN,v0 v1024 v2050,2.0.0-2 Initial scan 4.0.0-7 6.0.0-11
0004001000020400,JPN,v0 v16 v1038 v2048 v3073 v4097 v4112,2.0.0-2 Initial scan 2.1.0-4 3.0.0-5 4.0.0-7 6.0.0-11 9.0.0-20 10.6.0-31
0004001000020500,JPN,v0 v1027 v2049 v3072 v3089 v3104,2.0.0-2 Initial scan 2.1.0-4 3.0.0-5 4.0.0-7 7.0.0-13 10.6.0-31
0004001000020700,JPN,v1026 v2055 v2064,2.0.0-2 Initial scan 7.0.0-13 10.6.0-31
0004001000020800,JPN,v1027 v2048 v3087 v4096 v5121,2.0.0-2 Initial scan 2.1.0-4 3.0.0-5 3.0.0-6 6.0.0-11
0004001000020900,JPN,v4 v1026 v2057 v3081 v4096 v5123 v6146 v7169 v8206 v9231 v10245 v11265 v12288 v13320 v15366 v16384 v17421 v18432 v19465 v20483 v21504,2.0.0-2 Initial scan 2.1.0-3 3.0.0-5 4.0.0-7 4.1.0-8 4.2.0-9 4.3.0-10 5.0.0-11 7.0.0-13 7.1.0-14 7.2.0-17 8.0.0-18 8.1.0-19 9.0.0-20 9.3.0-21 (stage3) 9.5.0-22 JPN 9.6.0-24 9.7.0-25 10.0.0-27 10.4.0-29 10.7.0-32
0004001000020A00,JPN,v4 v1035 v2050 v3074 v4109 v5130 v6154,2.0.0-2 Initial scan 3.0.0-5 4.0.0-7 5.0.0-11 7.0.0-13 9.0.0-20 9.6.0-24
0004001000020B00,JPN,v0 v1034,2.0.0-2 Initial scan 3.0.0-5
0004001000020D00,JPN,v0 v1028,2.0.0-2 Initial scan 2.1.0-4
0004001000020E00,JPN,v0 v1026,2.0.0-2 Initial scan 2.1.0-4
0004001000020F00,JPN,v0 v1024 v2049,2.0.0-2 Initial scan 3.0.0-5 6.0.0-11
0004001000023000,JPN,v2048,2.0.0-2 Initial scan
0004003000008202,JPN,v1027 v2049 v4111 v5131 v6146 v7172 v8197 v9230 v13313 v15360 v16402 v17408 v18432 v19476 v20487 v22528 v23552 v24576 v25600 v26626 v27648,2.0.0-2 Initial scan 2.1.0-3 3.0.0-5 4.0.0-7 4.2.0-9 5.0.0-11 6.0.0-11 7.0.0-13 9.0.0-20 9.2.0-20 9.3.0-21 (stage3) 9.4.0-21 9.5.0-22 JPN 9.6.0-24 9.7.0-25 9.8.0-25 10.1.0-27 10.2.0-28 10.3.0-28 10.4.0-29 10.6.0-31
0004003000008402,JPN,v0 v1036 v2049,2.0.0-2 Initial scan 3.0.0-5 9.0.0-20
0004003000008602,JPN,v1026 v2048 v3072 v4097 v5121,2.0.0-2 Initial scan 3.0.0-5 4.0.0-7 5.0.0-11 9.0.0-20
0004003000008702,JPN,v1026 v2049 v3073 v4097,2.0.0-2 Initial scan 4.0.0-7 5.0.0-11 9.0.0-20
0004003000008802,JPN,v6 v1024 v2050 v3075 v4096 v5121 v6149 v7168 v8192 v9232,2.0.0-2 Initial scan 2.1.0-4 4.0.0-7 5.0.0-11 7.1.0-16 9.5.0-23 9.9.0-26 10.2.0-28 10.6.0-31 10.7.0-32
0004003000008D02,JPN,v1026 v3082 v4099 v5120 v6144,2.0.0-2 Initial scan 3.0.0-5 4.0.0-7 7.0.0-13 9.0.0-20
0004003000008E02,JPN,v1029 v2054 v3075 v5121,2.0.0-2 Initial scan 3.0.0-5 4.0.0-7 9.0.0-20
000400300000C002,JPN,v1026 v2053 v3072 v4096,2.0.0-2 Initial scan 3.0.0-5 7.0.0-13 9.0.0-20
000400300000C003,JPN,v0,2.0.0-2 Initial scan
000400300000C102,JPN,v0 v1026 v2048 v3077,2.0.0-2 Initial scan 3.0.0-5 9.0.0-20 9.3.0-21 (stage3)
000400300000C302,JPN,v0 v1024 v3075 v4096,2.0.0-2 Initial scan 3.0.0-5 9.0.0-20 9.3.0-21 (stage3)
000400300000C402,JPN,v3 v1026 v2048,2.0.0-2 Initial scan 8.0.0-18 9.0.0-20
0004009B00011902,JPN,v0,2.0.0-2 Initial scan
0004009B00012202,JPN,v1026 v2050 v3072 v4096 v5120 v6150 v7168 v8192 v9217 v10240 v11268 v12290 v13312 v13313,2.0.0-2 Initial scan 3.0.0-5 4.0.0-7 4.2.0-9 5.0.0-11 7.0.0-13 7.2.0-17 8.0.0-18 9.0.0-20 9.3.0-21 (stage3) 9.6.0-24 10.0.0-27 10.4.0-29 10.7.0-32
0004009B00013202,JPN,v0,2.0.0-2 Initial scan
0004009B00015202,JPN,v0,2.0.0-2 Initial scan
000400DB00016202,JPN,v32 v48 v64 v80 v96 v112 v128 v144 v160 v176 v192 v208 v224 v240 v256 v272 v288 v304 v320 v336 v352 v368 v384 v400 v416 v432 v448 v464 v480 v496 v512,2.0.0-2 Initial scan 2.1.0-3 2.1.0-4 3.0.0-5 3.0.0-6 4.0.0-7 4.1.0-8 4.2.0-9 4.3.0-10 5.0.0-11 6.0.0-11 7.0.0-13 7.1.0-14 7.1.0-15 7.1.0-16 7.2.0-17 8.0.0-18 8.1.0-19 9.0.0-20 9.3.0-21 (stage3) 9.5.0-22 JPN 9.5.0-23 9.6.0-24 9.7.0-25 9.9.0-26 10.0.0-27 10.2.0-28 10.4.0-29 10.5.0-30 10.6.0-31 10.7.0-32
000400DB00017202,JPN,v2049 v2069 v3088 v4098 v4113 v4130 v4145 v4163 v4176 v5120 v5136 v6146 v6160 v6178 v6192 v7175 v7187 v7203 v8196 v8208 v9218 v9248 v9264 v9280 v9296 v9319 v9328 v9344 v9360 v10240 v10256 v10272 v10288 v10304 v10320 v10336 v10352,2.0.0-2 Initial scan 2.1.0-3 3.0.0-5 4.0.0-7 4.1.0-8 4.2.0-9 4.3.0-10 4.4.0-10 4.5.0-10 5.0.0-11 5.1.0-11 6.0.0-11 6.1.0-11 6.2.0-12 6.3.0-12 7.0.0-13 7.1.0-14 7.2.0-17 8.0.0-18 8.1.0-18 9.0.0-20 9.2.0-20 9.3.0-21 (stage3) 9.4.0-21 9.5.0-22 JPN 9.6.0-24 9.7.0-25 9.8.0-25 9.9.0-26 10.0.0-27 10.1.0-27 10.2.0-28 10.3.0-28 10.4.0-29 10.5.0-30 10.6.0-31 10.7.0-32
0004001B00010702,CHN,v0 v1028 v2048 v3073 v4096,4.0.0-7 6.0.0-11 6.3.0-12 7.0.0-13 9.0.0-20 (stage2)
0004001B00010702,USA,v0 v1028 v2048 v3073 v4096,3.0.0-5 6.0.0-11 6.3.0-12 7.0.0-13 9.0.0-20
0004001B00010702,JPN,v0 v1028 v2048 v3073 v4096,3.0.0-5 6.0.0-11 6.3.0-12 7.0.0-13 9.0.0-20
0004001B00010702,KOR,v0 v1028 v2048 v3073 v4096,4.0.0-7 6.0.0-11 6.3.0-12 7.0.0-13 9.0.0-20
0004001B00010702,EUR,v0 v1028 v2048 v3073 v4096,3.0.0-5 6.0.0-11 6.3.0-12 7.0.0-13 9.0.0-20 (stage3)
0004001B00010702,TWN,v0 v1028 v2048 v3073 v4096,4.1.0-8 6.0.0-11 6.3.0-12 7.0.0-13 9.0.0-20 (stage4)
000400300000CD02,USA,v1 v1026 v3073,3.0.0-5 4.0.0-7 9.0.0-20
000400300000CD02,JPN,v1 v1026 v3073,3.0.0-5 4.0.0-7 9.0.0-20
000400300000CD02,EUR,v1 v1026 v3073,3.0.0-5 4.0.0-7 9.0.0-20 (stage3)
000400300000CE02,USA,v5 v1028 v2050 v3072 v4109 v5125 v6145 v8200 v9224 v10247 v11264 v12293 v13312 v14337 v15360 v16384,3.0.0-5 4.0.0-7 4.2.0-9 5.0.0-11 7.0.0-13 7.2.0-17 8.0.0-18 9.0.0-20 9.3.0-21 (stage3) 9.6.0-24 9.8.0-25 10.0.0-27 10.1.0-27 10.3.0-28 10.4.0-29 10.7.0-32
0004013800000202,CHN,v2576,4.0.0-7
0004013800000202,USA,v519 v2576 v3665,3.0.0-5 4.0.0-7 6.0.0-11
0004013800000202,JPN,v519 v2576 v3665,3.0.0-5 4.0.0-7 6.0.0-11
0004013800000202,KOR,v2576 v3665,4.0.0-7 6.0.0-11
0004013800000202,EUR,v519 v2576 v3665,3.0.0-5 4.0.0-7 6.0.0-11
0004013800000202,TWN,v2576,4.1.0-8
000400300000D602,EUR,v5 v1028 v2050 v3073 v4109 v5125 v6145 v8200 v9224 v10247 v11264 v12293 v13312 v14337 v15360 v16384,3.0.0-5 4.0.0-7 4.2.0-9 5.0.0-11 7.0.0-13 7.2.0-17 8.0.0-18 9.0.0-20 (stage3) 9.3.0-21 (stage2) 9.6.0-24 9.8.0-25 10.0.0-27 10.1.0-27 10.3.0-28 10.4.0-29 10.7.0-32
000400300000C602,JPN,v5 v1028 v2050 v3072 v4109 v5123 v6145 v8200 v9224 v10247 v11264 v12293 v13312 v14337 v15360 v16384,3.0.0-5 4.0.0-7 4.2.0-9 5.0.0-11 7.0.0-13 7.2.0-17 8.0.0-18 9.0.0-20 9.3.0-21 (stage3) 9.6.0-24 9.8.0-25 10.0.0-27 10.1.0-27 10.3.0-28 10.4.0-29 10.7.0-32
0004001000026000,CHN,v8 v1024 v2049 v3075,4.0.0-7 4.4.0-10 MSet CHN 5.0.0-11 7.0.0-13
0004001000026100,CHN,v4,4.0.0-7
0004001000026200,CHN,v3,4.0.0-7
0004001000026300,CHN,v5,4.0.0-7
0004001000026400,CHN,v3,4.0.0-7
0004001000026500,CHN,v2,4.0.0-7
0004001000026700,CHN,v1,4.0.0-7
0004001000026800,CHN,v0 v4096,4.0.0-7 4.4.0-10
0004001000026D00,CHN,v0,4.0.0-7
0004001000026E00,CHN,v0,4.0.0-7
0004001000026F00,CHN,v1 v1026,4.0.0-7 6.0.0-11
000400300000A102,CHN,v15 v1026 v2052 v3074,4.0.0-7 4.2.0-9 5.0.0-11 7.0.0-13
000400300000A202,CHN,v3,4.0.0-7
000400300000A402,CHN,v0 v4097,4.0.0-7 5.0.0-11
000400300000A502,CHN,v0 v3073,4.0.0-7 5.0.0-11
000400300000A702,CHN,v5 v1024,4.0.0-7 7.0.0-13
000400300000A802,CHN,v6,4.0.0-7
000400300000CF02,CHN,v1 v1027,4.0.0-7 9.6.0-24
000400300000CF02,KOR,v1 v1027,4.0.0-7 9.6.0-24
000400300000CF02,TWN,v1 v1027,4.1.0-8 9.6.0-24
000400300000CF03,CHN,v1,4.0.0-7
000400300000CF03,KOR,v1,4.0.0-7
000400300000CF03,TWN,v1,4.1.0-8
000400300000D502,CHN,v1026 v2049,4.0.0-7 9.6.0-24
000400300000D502,KOR,v1026 v2049,4.0.0-7 9.6.0-24
000400300000D502,TWN,v1026 v2049,4.1.0-8 9.6.0-24
000400300000D802,CHN,v0,4.0.0-7
000400300000D803,CHN,v0,4.0.0-7
000400300000D902,CHN,v0,4.0.0-7
000400300000DB02,CHN,v2,4.0.0-7
000400300000DC02,CHN,v2 v1026,4.0.0-7 8.0.0-18
0004009B00011002,CHN,v1,4.0.0-7
0004009B00012402,CHN,v1024 v2048 v3072 v4096 v5121,4.0.0-7 4.2.0-9 5.0.0-11 9.0.0-20 (stage2) 10.0.0-27
0004009B00013402,CHN,v1024 v2048,4.0.0-7 4.2.0-9
000400DB00016402,CHN,v113 v128 v129 v130 v131 v132,4.0.0-7 4.2.0-9 5.0.0-11 7.1.0-16 9.5.0-23 9.9.0-26
000400DB00017402,CHN,v4098 v4113 v4130 v4145 v4163 v4176 v5120 v5136 v6144 v6160 v6178 v6192 v7175 v7187 v7203 v8196 v8208 v9217 v9264 v9296 v9319 v9328 v9344 v9360 v10240 v10272 v10304 v10320 v10336 v10352,4.0.0-7 4.1.0-8 4.2.0-9 4.3.0-10 4.4.0-10 4.5.0-10 5.0.0-11 5.1.0-11 6.0.0-11 6.1.0-11 6.2.0-12 6.3.0-12 7.0.0-13 7.1.0-14 7.2.0-17 8.0.0-18 8.1.0-18 9.0.0-20 (stage2) 9.3.0-21 (stage4) 9.5.0-22 9.6.0-24 9.7.0-25 9.8.0-25 9.9.0-26 10.0.0-27 10.2.0-28 10.4.0-29 10.5.0-30 10.6.0-31 10.7.0-32
00048005484E4443,CHN,v1024,4.0.0-7
0004001000027000,KOR,v1026 v2049 v3078 v4098 v5122 v6149,4.0.0-7 5.0.0-11 6.0.0-11 7.0.0-13 7.2.0-17 9.6.0-24
0004001000027100,KOR,v1027 v2048,4.0.0-7 9.6.0-24
0004001000027200,KOR,v2 v16,4.0.0-7 7.0.0-13
0004001000027300,KOR,v2 v1027,4.0.0-7 6.0.0-11
0004001000027400,KOR,v2 v1027 v1040 v2049,4.0.0-7 6.0.0-11 7.0.0-13 9.6.0-24
0004001000027500,KOR,v2 v16,4.0.0-7 7.0.0-13
0004001000027700,KOR,v1 v16,4.0.0-7 7.0.0-13
0004001000027800,KOR,v1 v4096 v5120,4.0.0-7 4.4.0-10 7.0.0-13
0004001000027900,KOR,v3082 v4096 v5123 v6146 v7169 v8205 v9231 v10245 v11265 v12288 v13320 v15366 v16384 v17420 v18432 v19465 v20482 v21504,4.0.0-7 4.1.0-8 4.2.0-9 4.3.0-10 5.0.0-11 7.0.0-13 7.1.0-14 7.2.0-17 8.0.0-18 8.1.0-19 9.0.0-20 9.3.0-21 (stage2) 9.5.0-22 9.6.0-24 9.7.0-25 10.0.0-27 10.4.0-29 10.7.0-32
0004001000027A00,KOR,v2 v1025 v2061 v3082 v4106,4.0.0-7 5.0.0-11 7.0.0-13 9.0.0-20 9.6.0-24
0004001000027D00,KOR,v0,4.0.0-7
0004001000027E00,KOR,v0 v16,4.0.0-7 7.0.0-13
0004001000027F00,KOR,v1 v1025,4.0.0-7 6.0.0-11
000400300000A902,KOR,v1035 v2050 v3076 v4101 v5122 v6166 v7175 v8192 v9216 v10240 v11266 v12288,4.0.0-7 4.2.0-9 5.0.0-11 6.0.0-11 7.0.0-13 9.6.0-24 9.7.0-25 10.1.0-27 10.2.0-28 10.3.0-28 10.4.0-29 10.6.0-31
000400300000AA02,KOR,v3 v1024,4.0.0-7 9.6.0-24
000400300000AC02,KOR,v0 v4097 v5121 v6144,4.0.0-7 5.0.0-11 6.4.0-12 9.6.0-24
000400300000AD02,KOR,v1 v3073 v4096,4.0.0-7 5.0.0-11 9.6.0-24
000400300000AF02,KOR,v1027 v2048 v3072,4.0.0-7 7.0.0-13 9.6.0-24
000400300000B002,KOR,v1027 v2048,4.0.0-7 9.6.0-24
000400300000DE02,KOR,v0 v1025,4.0.0-7 9.6.0-24
000400300000DE03,KOR,v0,4.0.0-7
000400300000DF02,KOR,v0 v1026,4.0.0-7 9.6.0-24
000400300000E102,KOR,v2 v1025,4.0.0-7 9.6.0-24
000400300000E202,KOR,v2 v1026 v2048,4.0.0-7 8.0.0-18 9.6.0-24
000400300000E302,KOR,v1029 v2050 v3072 v4107 v5123 v6145 v8200 v9224 v10247 v11264 v12293 v13312 v14337 v15360 v16384,4.0.0-7 4.2.0-9 5.0.0-11 7.0.0-13 7.2.0-17 8.0.0-18 9.0.0-20 9.3.0-21 (stage2) 9.6.0-24 9.8.0-25 10.0.0-27 10.1.0-27 10.3.0-28 10.4.0-29 10.7.0-32
0004009B00011A02,KOR,v1,4.0.0-7
0004009B00012502,KOR,v1024 v2048 v3072 v4098 v5120 v6148 v7169 v8193 v9216,4.0.0-7 4.2.0-9 5.0.0-11 7.0.0-13 9.0.0-20 9.6.0-24 10.0.0-27 10.3.0-28 10.4.0-29
0004009B00013502,KOR,v1025,4.0.0-7
0004009B00015502,KOR,v0 v1024,4.0.0-7 9.7.0-25
000400DB00016502,KOR,v113 v114 v133 v134 v135 v136 v144 v160 v176 v192 v208 v224 v240 v256 v272 v288 v304 v320 v336 v352 v368 v384 v400 v416 v432 v448,4.0.0-7 4.1.0-8 4.2.0-9 4.3.0-10 4.4.0-10 5.0.0-11 6.0.0-11 7.0.0-13 7.1.0-14 7.1.0-16 7.2.0-17 8.0.0-18 8.1.0-19 9.0.0-20 9.3.0-21 (stage2) 9.5.0-22 9.5.0-23 9.6.0-24 9.7.0-25 9.9.0-26 10.0.0-27 10.2.0-28 10.4.0-29 10.5.0-30 10.6.0-31 10.7.0-32
000400DB00017502,KOR,v4098 v4113 v4130 v4145 v4163 v4176 v5120 v5136 v6144 v6160 v6178 v6192 v6208 v7175 v7187 v7203 v8196 v8208 v9217 v9264 v9296 v9319 v9328 v9344 v9360 v10240 v10256 v10272 v10288 v10304 v10320 v10336 v10352,4.0.0-7 4.1.0-8 4.2.0-9 4.3.0-10 4.4.0-10 4.5.0-10 5.0.0-11 5.1.0-11 6.0.0-11 6.1.0-11 6.2.0-12 6.3.0-12 6.4.0-12 7.0.0-13 7.1.0-14 7.2.0-17 8.0.0-18 8.1.0-18 9.0.0-20 9.3.0-21 (stage2) 9.5.0-22 9.6.0-24 9.7.0-25 9.8.0-25 9.9.0-26 10.0.0-27 10.1.0-27 10.2.0-28 10.3.0-28 10.4.0-29 10.5.0-30 10.6.0-31 10.7.0-32
00048005484E444B,KOR,v1024,4.0.0-7
0004001000028000,TWN,v8 v1024 v2050 v3074,4.1.0-8 4.2.0-9 5.0.0-11 7.0.0-13
0004001000028100,TWN,v4,4.1.0-8
0004001000028200,TWN,v2,4.1.0-8
0004001000028300,TWN,v5,4.1.0-8
0004001000028400,TWN,v3,4.1.0-8
0004001000028500,TWN,v3,4.1.0-8
0004001000028700,TWN,v2,4.1.0-8
0004001000028800,TWN,v1 v4096,4.1.0-8 4.4.0-10
0004001000028900,TWN,v4096 v5123 v6146 v7170 v8205 v9231 v10245 v11265 v12288 v13320 v15366 v16384 v17421 v18432 v19465 v20482 v21504,4.1.0-8 4.2.0-9 4.3.0-10 5.0.0-11 7.0.0-13 7.1.0-14 7.2.0-17 8.0.0-18 8.1.0-19 9.0.0-20 (stage4) 9.3.0-21 (stage5) 9.5.0-22 9.6.0-24 9.7.0-25 10.0.0-27 10.4.0-29 10.7.0-32
0004001000028A00,TWN,v2 v1025 v2061 v3082 v4105,4.1.0-8 5.0.0-11 7.0.0-13 9.0.0-20 (stage4) 9.6.0-24
0004001000028D00,TWN,v2,4.1.0-8
0004001000028E00,TWN,v1,4.1.0-8
0004001000028F00,TWN,v1 v1025,4.1.0-8 6.0.0-11
000400300000B102,TWN,v15 v1026 v2052 v3074 v4096 v6146,4.1.0-8 4.2.0-9 5.0.0-11 7.0.0-13 7.2.0-17 9.9.0-26
000400300000B202,TWN,v3,4.1.0-8
000400300000B402,TWN,v0 v4097 v5121,4.1.0-8 5.0.0-11 6.4.0-12
000400300000B502,TWN,v1 v3073,4.1.0-8 5.0.0-11
000400300000B702,TWN,v5 v1024,4.1.0-8 7.0.0-13
000400300000B802,TWN,v6,4.1.0-8
000400300000E402,TWN,v0,4.1.0-8
000400300000E403,TWN,v0,4.1.0-8
000400300000E502,TWN,v0 v1024,4.1.0-8 9.9.0-26
000400300000E702,TWN,v2,4.1.0-8
000400300000E802,TWN,v2 v1026,4.1.0-8 8.0.0-18
000400300000E902,TWN,v1028 v2050 v3072 v4107 v5123 v6145 v8200 v9224 v10247 v11264 v12293 v13312 v14337 v15360 v16384,4.1.0-8 4.2.0-9 5.0.0-11 7.0.0-13 7.2.0-17 8.0.0-18 9.0.0-20 (stage4) 9.3.0-21 (stage5) 9.6.0-24 9.8.0-25 10.0.0-27 10.1.0-27 10.3.0-28 10.4.0-29 10.7.0-32
0004009B00011102,TWN,v1,4.1.0-8
0004009B00012602,TWN,v1024 v2048 v3072 v4099 v5120 v6145 v7169 v8192,4.1.0-8 4.2.0-9 5.0.0-11 7.0.0-13 9.0.0-20 (stage4) 10.0.0-27 10.3.0-28 10.4.0-29
0004009B00013602,TWN,v1026 v2050,4.1.0-8 7.2.0-17
0004009B00015602,TWN,v0 v1024,4.1.0-8 4.2.0-9
000400DB00016602,TWN,v114 v133 v134 v135 v136 v144 v160 v176 v192 v208 v224 v240 v256 v272 v288 v304 v320 v336 v352 v368 v384 v400 v416 v432,4.1.0-8 4.2.0-9 4.3.0-10 4.4.0-10 5.0.0-11 7.0.0-13 7.1.0-14 7.1.0-16 7.2.0-17 8.0.0-18 8.1.0-19 9.0.0-20 (stage4) 9.3.0-21 (stage5) 9.5.0-22 9.5.0-23 9.6.0-24 9.7.0-25 9.9.0-26 10.0.0-27 10.2.0-28 10.4.0-29 10.5.0-30 10.6.0-31 10.7.0-32
000400DB00017602,TWN,v4113 v4130 v4145 v4163 v4176 v5120 v5136 v6144 v6160 v6178 v6192 v6208 v7175 v7187 v7203 v8196 v8208 v9217 v9264 v9296 v9319 v9328 v9344 v9360 v10240 v10256 v10272 v10288 v10304 v10320 v10336 v10352,4.1.0-8 4.2.0-9 4.3.0-10 4.4.0-10 4.5.0-10 5.0.0-11 5.1.0-11 6.0.0-11 6.1.0-11 6.2.0-12 6.3.0-12 6.4.0-12 7.0.0-13 7.1.0-14 7.2.0-17 8.0.0-18 8.1.0-18 9.0.0-20 (stage4) 9.3.0-21 (stage5) 9.5.0-22 9.6.0-24 9.7.0-25 9.8.0-25 9.9.0-26 10.0.0-27 10.1.0-27 10.2.0-28 10.3.0-28 10.4.0-29 10.5.0-30 10.6.0-31 10.7.0-32
000400300000A602,CHN,v0 v1024 v3074 v4096 v5121 v6149 v7168 v8192 v9232,4.2.0-9 4.5.0-10 5.0.0-11 7.1.0-16 9.5.0-23 9.9.0-26 10.2.0-28 10.6.0-31 10.7.0-32
000400300000AE02,KOR,v0 v3074 v3088 v4096 v5121 v6149 v7168 v8192 v9232,4.2.0-9 5.0.0-11 7.0.0-13 7.1.0-16 9.5.0-23 9.9.0-26 10.2.0-28 10.6.0-31 10.7.0-32
000400300000B602,TWN,v0 v3074 v4096 v5121 v6149 v7168 v8192 v9232,4.2.0-9 5.0.0-11 7.1.0-16 9.5.0-23 9.9.0-26 10.2.0-28 10.6.0-31 10.7.0-32
0004001B00010802,CHN,v0 v1024 v2048,6.3.0-12 9.5.0-23 10.5.0-30
0004001B00010802,USA,v0 v1024 v2048,6.3.0-12 9.5.0-23 10.5.0-30
0004001B00010802,JPN,v0 v1024 v2048,6.3.0-12 9.5.0-23 10.5.0-30
0004001B00010802,KOR,v0 v1024 v2048,6.3.0-12 9.5.0-23 10.5.0-30
0004001B00010802,EUR,v0 v1024 v2048,6.3.0-12 9.5.0-23 10.5.0-30
0004001B00010802,TWN,v0 v1024 v2048,6.3.0-12 9.5.0-23 10.5.0-30
000400100002C000,USA,v14 v1029 v2051 v3072,7.0.0-13 7.2.0-17 9.0.0-20 9.3.0-21 (stage3)
0004001B00018002,USA,v14 v1025 v2055 v3078 v4096 v5120,7.0.0-13 7.1.0-15 7.2.0-17 9.0.0-20 9.3.0-21 (stage3) 9.6.0-24
0004001B00018002,JPN,v14 v1025 v2055 v3078 v4096 v5120,7.0.0-13 7.1.0-15 7.2.0-17 9.0.0-20 9.3.0-21 (stage3) 9.6.0-24
0004001B00018002,EUR,v14 v1025 v2055 v3078 v4096 v5120,7.0.0-13 7.1.0-15 7.2.0-17 9.0.0-20 (stage3) 9.3.0-21 (stage2) 9.6.0-24
0004001B00018102,USA,v11 v1025,7.0.0-13 9.0.0-20
0004001B00018102,JPN,v11 v1025,7.0.0-13 9.0.0-20
0004001B00018102,EUR,v11 v1025,7.0.0-13 9.0.0-20 (stage3)
0004001B00018202,USA,v7 v2050,7.0.0-13 9.0.0-20
0004001B00018202,JPN,v7 v2050,7.0.0-13 9.0.0-20
0004001B00018202,EUR,v7 v2050,7.0.0-13 9.0.0-20 (stage3)
000400300000BD02,USA,v14 v1024 v2048 v3072 v4096,7.0.0-13 7.2.0-17 9.0.0-20 9.3.0-21 (stage3) 9.6.0-24
000400300000F602,USA,v5 v2050 v3072,7.0.0-13 9.0.0-20 9.3.0-21 (stage3)
000400300000F602,JPN,v5 v2050 v3072,7.0.0-13 9.0.0-20 9.3.0-21 (stage3)
000400300000F602,EUR,v5 v2050 v3072,7.0.0-13 9.0.0-20 (stage3) 9.3.0-21 (stage2)
0004013000003802,CHN,v1029 v2050 v3077 v4099 v6144 v7168 v8198,7.0.0-13 7.1.0-14 7.2.0-17 8.0.0-18 9.0.0-20 (stage2) 9.3.0-21 (stage4) 9.6.0-24
0004013000003802,USA,v1029 v2050 v3077 v4099 v6144 v7168 v8198,7.0.0-13 7.1.0-14 7.2.0-17 8.0.0-18 9.0.0-20 9.3.0-21 (stage3) 9.6.0-24
0004013000003802,JPN,v1029 v2050 v3077 v4099 v6144 v7168 v8198,7.0.0-13 7.1.0-14 7.2.0-17 8.0.0-18 9.0.0-20 9.3.0-21 (stage3) 9.6.0-24
0004013000003802,KOR,v1029 v2050 v3077 v4099 v6144 v7168 v8198,7.0.0-13 7.1.0-14 7.2.0-17 8.0.0-18 9.0.0-20 9.3.0-21 (stage2) 9.6.0-24
0004013000003802,EUR,v1029 v2050 v3077 v4099 v6144 v7168 v8198,7.0.0-13 7.1.0-14 7.2.0-17 8.0.0-18 9.0.0-20 (stage3) 9.3.0-21 (stage2) 9.6.0-24
0004013000003802,TWN,v1029 v2050 v3077 v4099 v6144 v7168 v8198,7.0.0-13 7.1.0-14 7.2.0-17 8.0.0-18 9.0.0-20 (stage4) 9.3.0-21 (stage5) 9.6.0-24
000400100002C100,EUR,v14 v1029 v2051 v3072,7.0.0-13 7.2.0-17 9.0.0-20 (stage3) 9.3.0-21 (stage2)
000400300000BE02,EUR,v14 v1024 v2048 v3072 v4096,7.0.0-13 7.2.0-17 9.0.0-20 (stage3) 9.3.0-21 (stage2) 9.6.0-24
000400100002BF00,JPN,v14 v1029 v2051 v3072,7.0.0-13 7.2.0-17 9.0.0-20 9.3.0-21 (stage3)
000400300000BC02,JPN,v14 v1024 v2051 v3072 v4096,7.0.0-13 7.2.0-17 9.0.0-20 9.3.0-21 (stage3) 9.6.0-24
0004003000008B02,USA,v6,9.0.0-20
000400300000BA02,EUR,v6,9.0.0-20 (stage3)
0004003000008302,JPN,v6,9.0.0-20
0004003000009E02,USA,v7 v1031,9.3.0-21 (stage3) 9.6.0-24
0004001B00019002,CHN,v2 v1026,9.3.0-21 (stage4) 9.6.0-24
0004001B00019002,USA,v2 v1026,9.3.0-21 (stage3) 9.6.0-24
0004001B00019002,JPN,v2 v1026,9.3.0-21 (stage3) 9.6.0-24
0004001B00019002,KOR,v2 v1026,9.3.0-21 (stage2) 9.6.0-24
0004001B00019002,EUR,v2 v1026,9.3.0-21 (stage2) 9.6.0-24
0004001B00019002,TWN,v2 v1026,9.3.0-21 (stage5) 9.6.0-24
000400300000B902,EUR,v7 v1031,9.3.0-21 (stage2) 9.6.0-24
0004013000004002,CHN,v2053 v4106 v5121 v6145 v7168 v8192,9.3.0-21 (stage4) 9.6.0-24 9.7.0-25 10.0.0-27 10.6.0-31 10.7.0-32
0004013000004002,USA,v2053 v4106 v5121 v6145 v7168 v8192,9.3.0-21 (stage3) 9.6.0-24 9.7.0-25 10.0.0-27 10.6.0-31 10.7.0-32
0004013000004002,JPN,v2053 v4106 v5121 v6145 v7168 v8192,9.3.0-21 (stage3) 9.6.0-24 9.7.0-25 10.0.0-27 10.6.0-31 10.7.0-32
0004013000004002,KOR,v2053 v4106 v5121 v6145 v7168 v8192,9.3.0-21 (stage2) 9.6.0-24 9.7.0-25 10.0.0-27 10.6.0-31 10.7.0-32
0004013000004002,EUR,v2053 v4106 v5121 v6145 v7168 v8192,9.3.0-21 (stage2) 9.6.0-24 9.7.0-25 10.0.0-27 10.6.0-31 10.7.0-32
0004013000004002,TWN,v2053 v4106 v5121 v6145 v7168 v8192,9.3.0-21 (stage5) 9.6.0-24 9.7.0-25 10.0.0-27 10.6.0-31 10.7.0-32
0004003000009502,JPN,v7 v1031,9.3.0-21 (stage3) 9.6.0-24
0004003000008C02,KOR,v1031,9.6.0-24
000400300000BF02,CHN,v1024,10.6.0-31
000400300000BF02,TWN,v1024,9.9.0-26
